0 verbose cli C:\Program Files\nodejs\node.exe C:\Program Files\nodejs\node_modules\npm\bin\npm-cli.js
1 info using npm@11.12.1
2 info using node@v24.15.0
3 silly config load:file:C:\Program Files\nodejs\node_modules\npm\npmrc
4 silly config load:file:C:\Users\kk\Documents\Codex\2026-05-16\https-vtuber-match-vercel-app-top\.npmrc
5 silly config load:file:C:\Users\kk\.npmrc
6 silly config load:file:C:\Users\kk\AppData\Roaming\npm\etc\npmrc
7 verbose title npm exec vercel deploy --yes
8 verbose argv "exec" "--yes" "--cache" ".npm-cache" "--" "vercel" "deploy" "--yes"
9 verbose logfile logs-max:10 dir:C:\Users\kk\Documents\Codex\2026-05-16\https-vtuber-match-vercel-app-top\.npm-cache\_logs\2026-07-02T14_18_41_295Z-
10 verbose logfile C:\Users\kk\Documents\Codex\2026-05-16\https-vtuber-match-vercel-app-top\.npm-cache\_logs\2026-07-02T14_18_41_295Z-debug-0.log
11 silly logfile start cleaning logs, removing 1 files
12 silly logfile done cleaning log files
13 silly packumentCache heap:4496293888 maxSize:1124073472 maxEntrySize:562036736
14 http fetch GET 200 https://registry.npmjs.org/npm 641ms
15 http fetch GET 200 https://registry.npmjs.org/vercel 301ms (cache updated)
16 silly packumentCache heap:4496293888 maxSize:1124073472 maxEntrySize:562036736
17 silly packumentCache heap:4496293888 maxSize:1124073472 maxEntrySize:562036736
18 silly idealTree buildDeps
19 silly fetch manifest vercel@54.18.7
20 silly packumentCache full:https://registry.npmjs.org/vercel cache-miss
21 http fetch GET 200 https://registry.npmjs.org/vercel 260ms (cache updated)
22 silly packumentCache full:https://registry.npmjs.org/vercel set size:undefined disposed:false
23 silly placeDep ROOT vercel@54.18.7 REPLACE for:  want: 54.18.7
24 silly fetch manifest @vercel/blob@2.4.0
25 silly packumentCache full:https://registry.npmjs.org/@vercel%2fblob cache-miss
26 silly fetch manifest @vercel/prepare-flags-definitions@0.3.0
27 silly packumentCache full:https://registry.npmjs.org/@vercel%2fprepare-flags-definitions cache-miss
28 silly fetch manifest esbuild@0.27.0
29 silly packumentCache full:https://registry.npmjs.org/esbuild cache-miss
30 silly fetch manifest sandbox@3.1.2
31 silly packumentCache full:https://registry.npmjs.org/sandbox cache-miss
32 silly fetch manifest smol-toml@1.5.2
33 silly packumentCache full:https://registry.npmjs.org/smol-toml cache-miss
34 silly fetch manifest undici@5.29.0
35 silly packumentCache full:https://registry.npmjs.org/undici cache-miss
36 silly fetch manifest zod@4.1.11
37 silly packumentCache full:https://registry.npmjs.org/zod cache-miss
38 silly fetch manifest @vercel/cli-auth@0.3.0
39 silly packumentCache full:https://registry.npmjs.org/@vercel%2fcli-auth cache-miss
40 silly fetch manifest @vercel/backends@0.8.21
41 silly packumentCache full:https://registry.npmjs.org/@vercel%2fbackends cache-miss
42 silly fetch manifest @vercel/build-utils@13.32.2
43 silly packumentCache full:https://registry.npmjs.org/@vercel%2fbuild-utils cache-miss
44 silly fetch manifest @vercel/cli-config@0.2.0
45 silly packumentCache full:https://registry.npmjs.org/@vercel%2fcli-config cache-miss
46 silly fetch manifest @vercel/container@0.0.4
47 silly packumentCache full:https://registry.npmjs.org/@vercel%2fcontainer cache-miss
48 silly fetch manifest @vercel/elysia@0.1.98
49 silly packumentCache full:https://registry.npmjs.org/@vercel%2felysia cache-miss
50 silly fetch manifest @vercel/express@0.1.112
51 silly packumentCache full:https://registry.npmjs.org/@vercel%2fexpress cache-miss
52 silly fetch manifest @vercel/go@3.10.2
53 silly packumentCache full:https://registry.npmjs.org/@vercel%2fgo cache-miss
54 http fetch GET 200 https://registry.npmjs.org/@vercel%2fcontainer 284ms (cache miss)
55 silly packumentCache full:https://registry.npmjs.org/@vercel%2fcontainer set size:undefined disposed:false
56 silly fetch manifest @vercel/h3@0.1.107
57 silly packumentCache full:https://registry.npmjs.org/@vercel%2fh3 cache-miss
58 http fetch GET 200 https://registry.npmjs.org/zod 317ms (cache revalidated)
59 silly packumentCache full:https://registry.npmjs.org/zod set size:3552562 disposed:false
60 silly fetch manifest @vercel/hono@0.2.101
61 silly packumentCache full:https://registry.npmjs.org/@vercel%2fhono cache-miss
62 http fetch GET 200 https://registry.npmjs.org/smol-toml 449ms (cache updated)
63 silly packumentCache full:https://registry.npmjs.org/smol-toml set size:undefined disposed:false
64 silly fetch manifest @vercel/fastify@0.1.101
65 silly packumentCache full:https://registry.npmjs.org/@vercel%2ffastify cache-miss
66 http fetch GET 200 https://registry.npmjs.org/@vercel%2fprepare-flags-definitions 455ms (cache updated)
67 silly packumentCache full:https://registry.npmjs.org/@vercel%2fprepare-flags-definitions set size:undefined disposed:false
68 silly fetch manifest @vercel/koa@0.1.81
69 silly packumentCache full:https://registry.npmjs.org/@vercel%2fkoa cache-miss
70 http fetch GET 200 https://registry.npmjs.org/@vercel%2fcli-auth 458ms (cache miss)
71 silly packumentCache full:https://registry.npmjs.org/@vercel%2fcli-auth set size:undefined disposed:false
72 silly fetch manifest @vercel/hydrogen@1.4.0
73 silly packumentCache full:https://registry.npmjs.org/@vercel%2fhydrogen cache-miss
74 http fetch GET 200 https://registry.npmjs.org/@vercel%2fcli-config 466ms (cache updated)
75 silly packumentCache full:https://registry.npmjs.org/@vercel%2fcli-config set size:undefined disposed:false
76 silly fetch manifest @vercel/nestjs@0.2.102
77 silly packumentCache full:https://registry.npmjs.org/@vercel%2fnestjs cache-miss
78 http fetch GET 200 https://registry.npmjs.org/sandbox 531ms (cache updated)
79 silly packumentCache full:https://registry.npmjs.org/sandbox set size:undefined disposed:false
80 silly fetch manifest @vercel/next@4.20.2
81 silly packumentCache full:https://registry.npmjs.org/@vercel%2fnext cache-miss
82 http fetch GET 200 https://registry.npmjs.org/@vercel%2fexpress 539ms (cache updated)
83 silly packumentCache full:https://registry.npmjs.org/@vercel%2fexpress set size:undefined disposed:false
84 silly fetch manifest @vercel/python@6.47.3
85 silly packumentCache full:https://registry.npmjs.org/@vercel%2fpython cache-miss
86 http fetch GET 200 https://registry.npmjs.org/@vercel%2fbackends 583ms (cache updated)
87 silly packumentCache full:https://registry.npmjs.org/@vercel%2fbackends set size:undefined disposed:false
88 silly fetch manifest @vercel/node@5.8.22
89 silly packumentCache full:https://registry.npmjs.org/@vercel%2fnode cache-miss
90 http fetch GET 200 https://registry.npmjs.org/@vercel%2felysia 597ms (cache updated)
91 silly packumentCache full:https://registry.npmjs.org/@vercel%2felysia set size:undefined disposed:false
92 silly fetch manifest @vercel/remix-builder@5.9.1
93 silly packumentCache full:https://registry.npmjs.org/@vercel%2fremix-builder cache-miss
94 http fetch GET 200 https://registry.npmjs.org/@vercel%2fh3 388ms (cache updated)
95 silly packumentCache full:https://registry.npmjs.org/@vercel%2fh3 set size:undefined disposed:false
96 silly fetch manifest @vercel/redwood@2.5.0
97 silly packumentCache full:https://registry.npmjs.org/@vercel%2fredwood cache-miss
98 http fetch GET 200 https://registry.npmjs.org/@vercel%2fhono 368ms (cache updated)
99 silly packumentCache full:https://registry.npmjs.org/@vercel%2fhono set size:undefined disposed:false
100 silly fetch manifest @vercel/ruby@2.5.1
101 silly packumentCache full:https://registry.npmjs.org/@vercel%2fruby cache-miss
102 http fetch GET 200 https://registry.npmjs.org/@vercel%2fblob 763ms (cache updated)
103 silly packumentCache full:https://registry.npmjs.org/@vercel%2fblob set size:undefined disposed:false
104 silly fetch manifest @vercel/static-build@2.11.4
105 silly packumentCache full:https://registry.npmjs.org/@vercel%2fstatic-build cache-miss
106 http fetch GET 200 https://registry.npmjs.org/@vercel%2fnestjs 330ms (cache updated)
107 silly packumentCache full:https://registry.npmjs.org/@vercel%2fnestjs set size:undefined disposed:false
108 silly fetch manifest @vercel/rust@1.4.0
109 silly packumentCache full:https://registry.npmjs.org/@vercel%2frust cache-miss
110 http fetch GET 200 https://registry.npmjs.org/@vercel%2fgo 846ms (cache updated)
111 silly packumentCache full:https://registry.npmjs.org/@vercel%2fgo set size:undefined disposed:false
112 http fetch GET 200 https://registry.npmjs.org/@vercel%2fkoa 443ms (cache updated)
113 silly packumentCache full:https://registry.npmjs.org/@vercel%2fkoa set size:undefined disposed:false
114 http fetch GET 200 https://registry.npmjs.org/@vercel%2ffastify 459ms (cache updated)
115 silly packumentCache full:https://registry.npmjs.org/@vercel%2ffastify set size:undefined disposed:false
116 http fetch GET 200 https://registry.npmjs.org/@vercel%2fhydrogen 459ms (cache updated)
117 silly packumentCache full:https://registry.npmjs.org/@vercel%2fhydrogen set size:undefined disposed:false
118 http fetch GET 200 https://registry.npmjs.org/@vercel%2fremix-builder 345ms (cache updated)
119 silly packumentCache full:https://registry.npmjs.org/@vercel%2fremix-builder set size:undefined disposed:false
120 http fetch GET 200 https://registry.npmjs.org/esbuild 975ms (cache updated)
121 silly packumentCache full:https://registry.npmjs.org/esbuild set size:undefined disposed:false
122 http fetch GET 200 https://registry.npmjs.org/undici 996ms (cache updated)
123 silly packumentCache full:https://registry.npmjs.org/undici set size:undefined disposed:false
124 http fetch GET 200 https://registry.npmjs.org/@vercel%2fbuild-utils 1046ms (cache updated)
125 silly packumentCache full:https://registry.npmjs.org/@vercel%2fbuild-utils set size:undefined disposed:false
126 http fetch GET 200 https://registry.npmjs.org/@vercel%2frust 288ms (cache updated)
127 silly packumentCache full:https://registry.npmjs.org/@vercel%2frust set size:undefined disposed:false
128 http fetch GET 200 https://registry.npmjs.org/@vercel%2fpython 603ms (cache updated)
129 silly packumentCache full:https://registry.npmjs.org/@vercel%2fpython set size:undefined disposed:false
130 http fetch GET 200 https://registry.npmjs.org/@vercel%2fredwood 496ms (cache updated)
131 silly packumentCache full:https://registry.npmjs.org/@vercel%2fredwood set size:undefined disposed:false
132 http fetch GET 200 https://registry.npmjs.org/@vercel%2fruby 449ms (cache updated)
133 silly packumentCache full:https://registry.npmjs.org/@vercel%2fruby set size:undefined disposed:false
134 http fetch GET 200 https://registry.npmjs.org/@vercel%2fnext 688ms (cache updated)
135 silly packumentCache full:https://registry.npmjs.org/@vercel%2fnext set size:undefined disposed:false
136 http fetch GET 200 https://registry.npmjs.org/@vercel%2fstatic-build 494ms (cache updated)
137 silly packumentCache full:https://registry.npmjs.org/@vercel%2fstatic-build set size:undefined disposed:false
138 http fetch GET 200 https://registry.npmjs.org/@vercel%2fnode 727ms (cache updated)
139 silly packumentCache full:https://registry.npmjs.org/@vercel%2fnode set size:undefined disposed:false
140 silly placeDep ROOT @vercel/backends@0.8.21 OK for: vercel@54.18.7 want: 0.8.21
141 silly placeDep ROOT @vercel/blob@2.4.0 OK for: vercel@54.18.7 want: 2.4.0
142 silly placeDep ROOT @vercel/build-utils@13.32.2 OK for: vercel@54.18.7 want: 13.32.2
143 silly placeDep ROOT @vercel/cli-auth@0.3.0 OK for: vercel@54.18.7 want: 0.3.0
144 silly placeDep ROOT @vercel/cli-config@0.2.0 OK for: vercel@54.18.7 want: 0.2.0
145 silly placeDep ROOT @vercel/container@0.0.4 OK for: vercel@54.18.7 want: 0.0.4
146 silly placeDep ROOT @vercel/elysia@0.1.98 OK for: vercel@54.18.7 want: 0.1.98
147 silly placeDep ROOT @vercel/express@0.1.112 OK for: vercel@54.18.7 want: 0.1.112
148 silly placeDep ROOT @vercel/fastify@0.1.101 OK for: vercel@54.18.7 want: 0.1.101
149 silly placeDep ROOT @vercel/go@3.10.2 OK for: vercel@54.18.7 want: 3.10.2
150 silly placeDep ROOT @vercel/h3@0.1.107 OK for: vercel@54.18.7 want: 0.1.107
151 silly placeDep ROOT @vercel/hono@0.2.101 OK for: vercel@54.18.7 want: 0.2.101
152 silly placeDep ROOT @vercel/hydrogen@1.4.0 OK for: vercel@54.18.7 want: 1.4.0
153 silly placeDep ROOT @vercel/koa@0.1.81 OK for: vercel@54.18.7 want: 0.1.81
154 silly placeDep ROOT @vercel/nestjs@0.2.102 OK for: vercel@54.18.7 want: 0.2.102
155 silly placeDep ROOT @vercel/next@4.20.2 OK for: vercel@54.18.7 want: 4.20.2
156 silly placeDep ROOT @vercel/node@5.8.22 OK for: vercel@54.18.7 want: 5.8.22
157 silly placeDep ROOT @vercel/prepare-flags-definitions@0.3.0 OK for: vercel@54.18.7 want: 0.3.0
158 silly placeDep ROOT @vercel/python@6.47.3 OK for: vercel@54.18.7 want: 6.47.3
159 silly placeDep ROOT @vercel/redwood@2.5.0 OK for: vercel@54.18.7 want: 2.5.0
160 silly placeDep ROOT @vercel/remix-builder@5.9.1 OK for: vercel@54.18.7 want: 5.9.1
161 silly placeDep ROOT @vercel/ruby@2.5.1 OK for: vercel@54.18.7 want: 2.5.1
162 silly placeDep ROOT @vercel/rust@1.4.0 OK for: vercel@54.18.7 want: 1.4.0
163 silly placeDep ROOT @vercel/static-build@2.11.4 OK for: vercel@54.18.7 want: 2.11.4
164 silly placeDep ROOT esbuild@0.27.0 OK for: vercel@54.18.7 want: 0.27.0
165 silly placeDep ROOT sandbox@3.1.2 OK for: vercel@54.18.7 want: 3.1.2
166 silly placeDep ROOT smol-toml@1.5.2 OK for: vercel@54.18.7 want: 1.5.2
167 silly placeDep ROOT undici@5.29.0 OK for: vercel@54.18.7 want: 5.29.0
168 silly placeDep ROOT zod@4.1.11 OK for: vercel@54.18.7 want: 4.1.11
169 silly fetch manifest @vercel/nft@1.10.0
170 silly packumentCache full:https://registry.npmjs.org/@vercel%2fnft cache-miss
171 silly fetch manifest execa@3.2.0
172 silly packumentCache full:https://registry.npmjs.org/execa cache-miss
173 silly fetch manifest fs-extra@11.1.0
174 silly packumentCache full:https://registry.npmjs.org/fs-extra cache-miss
175 silly fetch manifest get-port@5.1.1
176 silly packumentCache full:https://registry.npmjs.org/get-port cache-miss
177 silly fetch manifest oxc-transform@0.111.0
178 silly packumentCache full:https://registry.npmjs.org/oxc-transform cache-miss
179 silly fetch manifest path-to-regexp@8.3.0
180 silly packumentCache full:https://registry.npmjs.org/path-to-regexp cache-miss
181 silly fetch manifest resolve.exports@2.0.3
182 silly packumentCache full:https://registry.npmjs.org/resolve.exports cache-miss
183 silly fetch manifest rolldown@1.0.0-rc.1
184 silly packumentCache full:https://registry.npmjs.org/rolldown cache-miss
185 silly fetch manifest srvx@0.11.16
186 silly packumentCache full:https://registry.npmjs.org/srvx cache-miss
187 silly fetch manifest ts-morph@12.0.0
188 silly packumentCache full:https://registry.npmjs.org/ts-morph cache-miss
189 silly fetch manifest tsx@4.21.0
190 silly packumentCache full:https://registry.npmjs.org/tsx cache-miss
191 silly fetch manifest zod@3.22.4
192 silly packumentCache full:https://registry.npmjs.org/zod cache-miss
193 silly fetch manifest @vercel/static-config@3.4.0
194 silly packumentCache full:https://registry.npmjs.org/@vercel%2fstatic-config cache-miss
195 silly fetch manifest undici@^6.23.0
196 silly packumentCache full:https://registry.npmjs.org/undici cache-miss
197 silly fetch manifest is-buffer@^2.0.5
198 silly packumentCache full:https://registry.npmjs.org/is-buffer cache-miss
199 http cache https://registry.npmjs.org/undici 123ms (cache hit)
200 silly packumentCache full:https://registry.npmjs.org/undici set size:1490510 disposed:false
201 silly fetch manifest throttleit@^2.1.0
202 silly packumentCache full:https://registry.npmjs.org/throttleit cache-miss
203 http cache https://registry.npmjs.org/zod 167ms (cache hit)
204 silly packumentCache full:https://registry.npmjs.org/zod set size:3552562 disposed:false
205 silly fetch manifest async-retry@^1.3.3
206 silly packumentCache full:https://registry.npmjs.org/async-retry cache-miss
207 http fetch GET 200 https://registry.npmjs.org/execa 259ms (cache revalidated)
208 silly packumentCache full:https://registry.npmjs.org/execa set size:181234 disposed:false
209 silly fetch manifest is-node-process@^1.2.0
210 silly packumentCache full:https://registry.npmjs.org/is-node-process cache-miss
211 http fetch GET 200 https://registry.npmjs.org/path-to-regexp 275ms (cache revalidated)
212 silly packumentCache full:https://registry.npmjs.org/path-to-regexp set size:216334 disposed:false
213 silly fetch manifest cjs-module-lexer@1.2.3
214 silly packumentCache full:https://registry.npmjs.org/cjs-module-lexer cache-miss
215 http fetch GET 200 https://registry.npmjs.org/resolve.exports 290ms (cache revalidated)
216 silly packumentCache full:https://registry.npmjs.org/resolve.exports set size:49558 disposed:false
217 silly fetch manifest es-module-lexer@1.5.0
218 silly packumentCache full:https://registry.npmjs.org/es-module-lexer cache-miss
219 http fetch GET 200 https://registry.npmjs.org/ts-morph 295ms (cache revalidated)
220 silly packumentCache full:https://registry.npmjs.org/ts-morph set size:540557 disposed:false
221 silly fetch manifest @vercel/python-analysis@0.11.1
222 silly packumentCache full:https://registry.npmjs.org/@vercel%2fpython-analysis cache-miss
223 http fetch GET 200 https://registry.npmjs.org/is-buffer 305ms (cache revalidated)
224 silly packumentCache full:https://registry.npmjs.org/is-buffer set size:34803 disposed:false
225 silly fetch manifest @napi-rs/keyring@1.2.0
226 silly packumentCache full:https://registry.npmjs.org/@napi-rs%2fkeyring cache-miss
227 http fetch GET 200 https://registry.npmjs.org/get-port 359ms (cache miss)
228 silly packumentCache full:https://registry.npmjs.org/get-port set size:undefined disposed:false
229 silly fetch manifest async-listen@3.0.0
230 silly packumentCache full:https://registry.npmjs.org/async-listen cache-miss
231 http fetch GET 200 https://registry.npmjs.org/fs-extra 443ms (cache updated)
232 silly packumentCache full:https://registry.npmjs.org/fs-extra set size:undefined disposed:false
233 silly fetch manifest open@8.4.0
234 silly packumentCache full:https://registry.npmjs.org/open cache-miss
235 http fetch GET 200 https://registry.npmjs.org/srvx 453ms (cache updated)
236 silly packumentCache full:https://registry.npmjs.org/srvx set size:undefined disposed:false
237 silly fetch manifest xdg-app-paths@5
238 silly packumentCache full:https://registry.npmjs.org/xdg-app-paths cache-miss
239 http fetch GET 200 https://registry.npmjs.org/tsx 467ms (cache updated)
240 silly packumentCache full:https://registry.npmjs.org/tsx set size:undefined disposed:false
241 silly fetch manifest @vercel/static-config@3.4.0
242 silly packumentCache full:https://registry.npmjs.org/@vercel%2fstatic-config cache-miss
243 http fetch GET 200 https://registry.npmjs.org/throttleit 327ms (cache revalidated)
244 silly packumentCache full:https://registry.npmjs.org/throttleit set size:14001 disposed:false
245 silly fetch manifest @vercel/nft@1.10.0
246 silly packumentCache full:https://registry.npmjs.org/@vercel%2fnft cache-miss
247 http fetch GET 200 https://registry.npmjs.org/async-retry 296ms (cache revalidated)
248 silly packumentCache full:https://registry.npmjs.org/async-retry set size:51916 disposed:false
249 silly fetch manifest @vercel/cervel@0.1.29
250 silly packumentCache full:https://registry.npmjs.org/@vercel%2fcervel cache-miss
251 http fetch GET 200 https://registry.npmjs.org/is-node-process 282ms (cache revalidated)
252 silly packumentCache full:https://registry.npmjs.org/is-node-process set size:12779 disposed:false
253 silly fetch manifest @vercel/static-config@3.4.0
254 silly packumentCache full:https://registry.npmjs.org/@vercel%2fstatic-config cache-miss
255 http fetch GET 200 https://registry.npmjs.org/cjs-module-lexer 264ms (cache revalidated)
256 silly packumentCache full:https://registry.npmjs.org/cjs-module-lexer set size:147092 disposed:false
257 silly fetch manifest @vercel/static-config@3.4.0
258 silly packumentCache full:https://registry.npmjs.org/@vercel%2fstatic-config cache-miss
259 http fetch GET 200 https://registry.npmjs.org/async-listen 199ms (cache revalidated)
260 silly packumentCache full:https://registry.npmjs.org/async-listen set size:27933 disposed:false
261 silly fetch manifest @vercel/static-config@3.4.0
262 silly packumentCache full:https://registry.npmjs.org/@vercel%2fstatic-config cache-miss
263 http fetch GET 200 https://registry.npmjs.org/@napi-rs%2fkeyring 243ms (cache miss)
264 silly packumentCache full:https://registry.npmjs.org/@napi-rs%2fkeyring set size:undefined disposed:false
265 silly fetch manifest @vercel/nft@1.10.0
266 silly packumentCache full:https://registry.npmjs.org/@vercel%2fnft cache-miss
267 http fetch GET 200 https://registry.npmjs.org/oxc-transform 585ms (cache updated)
268 silly packumentCache full:https://registry.npmjs.org/oxc-transform set size:undefined disposed:false
269 silly fetch manifest @vercel/static-config@3.4.0
270 silly packumentCache full:https://registry.npmjs.org/@vercel%2fstatic-config cache-miss
271 http fetch GET 200 https://registry.npmjs.org/@vercel%2fnft 629ms (cache updated)
272 silly packumentCache full:https://registry.npmjs.org/@vercel%2fnft set size:undefined disposed:false
273 silly fetch manifest @vercel/static-config@3.4.0
274 silly packumentCache full:https://registry.npmjs.org/@vercel%2fstatic-config cache-miss
275 http fetch GET 200 https://registry.npmjs.org/@vercel%2fpython-analysis 348ms (cache updated)
276 silly packumentCache full:https://registry.npmjs.org/@vercel%2fpython-analysis set size:undefined disposed:false
277 silly fetch manifest @vercel/static-config@3.4.0
278 silly packumentCache full:https://registry.npmjs.org/@vercel%2fstatic-config cache-miss
279 http fetch GET 200 https://registry.npmjs.org/xdg-app-paths 260ms (cache revalidated)
280 silly packumentCache full:https://registry.npmjs.org/xdg-app-paths set size:295911 disposed:false
281 silly fetch manifest @vercel/static-config@3.4.0
282 silly packumentCache full:https://registry.npmjs.org/@vercel%2fstatic-config cache-miss
283 http fetch GET 200 https://registry.npmjs.org/open 290ms (cache miss)
284 silly packumentCache full:https://registry.npmjs.org/open set size:undefined disposed:false
285 silly fetch manifest @edge-runtime/node-utils@2.3.0
286 silly packumentCache full:https://registry.npmjs.org/@edge-runtime%2fnode-utils cache-miss
287 http fetch GET 200 https://registry.npmjs.org/@vercel%2fstatic-config 748ms (cache updated)
288 silly packumentCache full:https://registry.npmjs.org/@vercel%2fstatic-config set size:undefined disposed:false
289 silly fetch manifest @edge-runtime/primitives@4.1.0
290 silly packumentCache full:https://registry.npmjs.org/@edge-runtime%2fprimitives cache-miss
291 http fetch GET 200 https://registry.npmjs.org/es-module-lexer 466ms (cache updated)
292 silly packumentCache full:https://registry.npmjs.org/es-module-lexer set size:undefined disposed:false
293 silly fetch manifest @edge-runtime/vm@3.2.0
294 silly packumentCache full:https://registry.npmjs.org/@edge-runtime%2fvm cache-miss
295 http cache https://registry.npmjs.org/@vercel%2fstatic-config 103ms (cache hit)
296 silly packumentCache full:https://registry.npmjs.org/@vercel%2fstatic-config set size:190181 disposed:false
297 silly fetch manifest @types/node@20.11.0
298 silly packumentCache full:https://registry.npmjs.org/@types%2fnode cache-miss
299 http fetch GET 200 https://registry.npmjs.org/@vercel%2fstatic-config 371ms (cache updated)
300 silly packumentCache full:https://registry.npmjs.org/@vercel%2fstatic-config set size:undefined disposed:false
301 silly packumentCache full:https://registry.npmjs.org/@vercel%2fstatic-config dispose
302 silly fetch manifest edge-runtime@2.5.9
303 silly packumentCache full:https://registry.npmjs.org/edge-runtime cache-miss
304 http fetch GET 200 https://registry.npmjs.org/@vercel%2fstatic-config 336ms (cache updated)
305 silly packumentCache full:https://registry.npmjs.org/@vercel%2fstatic-config set size:undefined disposed:true
306 silly fetch manifest es-module-lexer@1.4.1
307 silly packumentCache full:https://registry.npmjs.org/es-module-lexer cache-miss
308 http fetch GET 200 https://registry.npmjs.org/@vercel%2fstatic-config 336ms (cache updated)
309 silly packumentCache full:https://registry.npmjs.org/@vercel%2fstatic-config set size:undefined disposed:false
310 silly fetch manifest etag@1.8.1
311 silly packumentCache full:https://registry.npmjs.org/etag cache-miss
312 http fetch GET 200 https://registry.npmjs.org/@vercel%2fstatic-config 343ms (cache updated)
313 silly packumentCache full:https://registry.npmjs.org/@vercel%2fstatic-config set size:undefined disposed:false
314 silly fetch manifest mime-types@2.1.35
315 silly packumentCache full:https://registry.npmjs.org/mime-types cache-miss
316 http fetch GET 200 https://registry.npmjs.org/@vercel%2fstatic-config 320ms (cache updated)
317 silly packumentCache full:https://registry.npmjs.org/@vercel%2fstatic-config set size:undefined disposed:false
318 silly fetch manifest node-fetch@2.6.9
319 silly packumentCache full:https://registry.npmjs.org/node-fetch cache-miss
320 http fetch GET 200 https://registry.npmjs.org/@vercel%2fcervel 410ms (cache updated)
321 silly packumentCache full:https://registry.npmjs.org/@vercel%2fcervel set size:undefined disposed:false
322 silly fetch manifest path-to-regexp-updated@npm:path-to-regexp@6.3.0
323 silly packumentCache full:https://registry.npmjs.org/path-to-regexp cache-hit
324 silly fetch manifest path-to-regexp@6.1.0
325 silly packumentCache full:https://registry.npmjs.org/path-to-regexp cache-hit
326 silly fetch manifest typescript@npm:typescript@5.9.3
327 silly packumentCache full:https://registry.npmjs.org/typescript cache-miss
328 http fetch GET 200 https://registry.npmjs.org/@edge-runtime%2fvm 221ms (cache revalidated)
329 silly packumentCache full:https://registry.npmjs.org/@edge-runtime%2fvm set size:269934 disposed:false
330 silly fetch manifest undici@5.28.4
331 silly packumentCache full:https://registry.npmjs.org/undici cache-miss
332 http fetch GET 200 https://registry.npmjs.org/@vercel%2fnft 516ms (cache updated)
333 silly packumentCache full:https://registry.npmjs.org/@vercel%2fnft set size:undefined disposed:false
334 silly fetch manifest @vercel/error-utils@2.2.0
335 silly packumentCache full:https://registry.npmjs.org/@vercel%2ferror-utils cache-miss
336 http cache https://registry.npmjs.org/es-module-lexer 136ms (cache hit)
337 silly packumentCache full:https://registry.npmjs.org/es-module-lexer set size:210096 disposed:false
338 silly fetch manifest semver@6.3.1
339 silly packumentCache full:https://registry.npmjs.org/semver cache-miss
340 http fetch GET 200 https://registry.npmjs.org/@vercel%2fstatic-config 389ms (cache updated)
341 silly packumentCache full:https://registry.npmjs.org/@vercel%2fstatic-config set size:undefined disposed:false
342 silly fetch manifest @vercel/error-utils@2.2.0
343 silly packumentCache full:https://registry.npmjs.org/@vercel%2ferror-utils cache-miss
344 http fetch GET 200 https://registry.npmjs.org/@vercel%2fstatic-config 375ms (cache updated)
345 silly packumentCache full:https://registry.npmjs.org/@vercel%2fstatic-config set size:undefined disposed:false
346 silly fetch manifest execa@5
347 silly packumentCache full:https://registry.npmjs.org/execa cache-hit
348 silly fetch manifest @vercel/gatsby-plugin-vercel-builder@2.2.24
349 silly packumentCache full:https://registry.npmjs.org/@vercel%2fgatsby-plugin-vercel-builder cache-miss
350 http fetch GET 200 https://registry.npmjs.org/@edge-runtime%2fnode-utils 314ms (cache revalidated)
351 silly packumentCache full:https://registry.npmjs.org/@edge-runtime%2fnode-utils set size:45504 disposed:false
352 silly fetch manifest @vercel/gatsby-plugin-vercel-analytics@1.0.11
353 silly packumentCache full:https://registry.npmjs.org/@vercel%2fgatsby-plugin-vercel-analytics cache-miss
354 http fetch GET 200 https://registry.npmjs.org/@edge-runtime%2fprimitives 321ms (cache revalidated)
355 silly packumentCache full:https://registry.npmjs.org/@edge-runtime%2fprimitives set size:307646 disposed:false
356 silly fetch manifest @esbuild/aix-ppc64@0.27.0
357 silly packumentCache full:https://registry.npmjs.org/@esbuild%2faix-ppc64 cache-miss
358 http fetch GET 200 https://registry.npmjs.org/etag 206ms (cache revalidated)
359 silly packumentCache full:https://registry.npmjs.org/etag set size:30032 disposed:false
360 silly fetch manifest @esbuild/linux-arm@0.27.0
361 silly packumentCache full:https://registry.npmjs.org/@esbuild%2flinux-arm cache-miss
362 http fetch GET 200 https://registry.npmjs.org/@vercel%2fnft 526ms (cache updated)
363 silly packumentCache full:https://registry.npmjs.org/@vercel%2fnft set size:undefined disposed:false
364 silly fetch manifest @esbuild/linux-x64@0.27.0
365 silly packumentCache full:https://registry.npmjs.org/@esbuild%2flinux-x64 cache-miss
366 http cache https://registry.npmjs.org/undici 124ms (cache hit)
367 silly packumentCache full:https://registry.npmjs.org/undici set size:1490510 disposed:false
368 silly fetch manifest @esbuild/sunos-x64@0.27.0
369 silly packumentCache full:https://registry.npmjs.org/@esbuild%2fsunos-x64 cache-miss
370 http fetch GET 200 https://registry.npmjs.org/mime-types 244ms (cache revalidated)
371 silly packumentCache full:https://registry.npmjs.org/mime-types set size:139110 disposed:false
372 silly fetch manifest @esbuild/win32-x64@0.27.0
373 silly packumentCache full:https://registry.npmjs.org/@esbuild%2fwin32-x64 cache-miss
374 http fetch GET 200 https://registry.npmjs.org/node-fetch 244ms (cache revalidated)
375 silly packumentCache full:https://registry.npmjs.org/node-fetch set size:896010 disposed:false
376 silly fetch manifest @esbuild/darwin-x64@0.27.0
377 silly packumentCache full:https://registry.npmjs.org/@esbuild%2fdarwin-x64 cache-miss
378 http fetch GET 200 https://registry.npmjs.org/edge-runtime 336ms (cache revalidated)
379 silly packumentCache full:https://registry.npmjs.org/edge-runtime set size:342321 disposed:false
380 silly fetch manifest @esbuild/linux-ia32@0.27.0
381 silly packumentCache full:https://registry.npmjs.org/@esbuild%2flinux-ia32 cache-miss
382 http fetch GET 200 https://registry.npmjs.org/@esbuild%2faix-ppc64 287ms (cache updated)
383 silly packumentCache full:https://registry.npmjs.org/@esbuild%2faix-ppc64 set size:undefined disposed:false
384 silly fetch manifest @esbuild/netbsd-x64@0.27.0
385 silly packumentCache full:https://registry.npmjs.org/@esbuild%2fnetbsd-x64 cache-miss
386 http fetch GET 200 https://registry.npmjs.org/@vercel%2ferror-utils 352ms (cache updated)
387 silly packumentCache full:https://registry.npmjs.org/@vercel%2ferror-utils set size:undefined disposed:false
388 silly fetch manifest @esbuild/win32-ia32@0.27.0
389 silly packumentCache full:https://registry.npmjs.org/@esbuild%2fwin32-ia32 cache-miss
390 http fetch GET 200 https://registry.npmjs.org/semver 382ms (cache updated)
391 silly packumentCache full:https://registry.npmjs.org/semver set size:undefined disposed:false
392 silly fetch manifest @esbuild/android-arm@0.27.0
393 silly packumentCache full:https://registry.npmjs.org/@esbuild%2fandroid-arm cache-miss
394 http fetch GET 200 https://registry.npmjs.org/@vercel%2ferror-utils 411ms (cache updated)
395 silly packumentCache full:https://registry.npmjs.org/@vercel%2ferror-utils set size:undefined disposed:false
396 silly fetch manifest @esbuild/android-x64@0.27.0
397 silly packumentCache full:https://registry.npmjs.org/@esbuild%2fandroid-x64 cache-miss
398 http fetch GET 200 https://registry.npmjs.org/@vercel%2fgatsby-plugin-vercel-analytics 370ms (cache updated)
399 silly packumentCache full:https://registry.npmjs.org/@vercel%2fgatsby-plugin-vercel-analytics set size:undefined disposed:false
400 silly fetch manifest @esbuild/freebsd-x64@0.27.0
401 silly packumentCache full:https://registry.npmjs.org/@esbuild%2ffreebsd-x64 cache-miss
402 http fetch GET 200 https://registry.npmjs.org/@esbuild%2flinux-x64 334ms (cache updated)
403 silly packumentCache full:https://registry.npmjs.org/@esbuild%2flinux-x64 set size:undefined disposed:false
404 silly fetch manifest @esbuild/linux-arm64@0.27.0
405 silly packumentCache full:https://registry.npmjs.org/@esbuild%2flinux-arm64 cache-miss
406 http fetch GET 200 https://registry.npmjs.org/@esbuild%2flinux-arm 359ms (cache updated)
407 silly packumentCache full:https://registry.npmjs.org/@esbuild%2flinux-arm set size:undefined disposed:false
408 silly fetch manifest @esbuild/linux-ppc64@0.27.0
409 silly packumentCache full:https://registry.npmjs.org/@esbuild%2flinux-ppc64 cache-miss
410 http fetch GET 200 https://registry.npmjs.org/@esbuild%2fsunos-x64 338ms (cache updated)
411 silly packumentCache full:https://registry.npmjs.org/@esbuild%2fsunos-x64 set size:undefined disposed:false
412 silly fetch manifest @esbuild/linux-s390x@0.27.0
413 silly packumentCache full:https://registry.npmjs.org/@esbuild%2flinux-s390x cache-miss
414 http fetch GET 200 https://registry.npmjs.org/@esbuild%2fwin32-x64 356ms (cache updated)
415 silly packumentCache full:https://registry.npmjs.org/@esbuild%2fwin32-x64 set size:undefined disposed:false
416 silly fetch manifest @esbuild/openbsd-x64@0.27.0
417 silly packumentCache full:https://registry.npmjs.org/@esbuild%2fopenbsd-x64 cache-miss
418 http fetch GET 200 https://registry.npmjs.org/@esbuild%2fdarwin-x64 345ms (cache updated)
419 silly packumentCache full:https://registry.npmjs.org/@esbuild%2fdarwin-x64 set size:undefined disposed:false
420 silly fetch manifest @esbuild/win32-arm64@0.27.0
421 silly packumentCache full:https://registry.npmjs.org/@esbuild%2fwin32-arm64 cache-miss
422 http fetch GET 200 https://registry.npmjs.org/@esbuild%2flinux-ia32 387ms (cache updated)
423 silly packumentCache full:https://registry.npmjs.org/@esbuild%2flinux-ia32 set size:undefined disposed:false
424 silly fetch manifest @esbuild/darwin-arm64@0.27.0
425 silly packumentCache full:https://registry.npmjs.org/@esbuild%2fdarwin-arm64 cache-miss
426 http fetch GET 200 https://registry.npmjs.org/@vercel%2fgatsby-plugin-vercel-builder 587ms (cache updated)
427 silly packumentCache full:https://registry.npmjs.org/@vercel%2fgatsby-plugin-vercel-builder set size:undefined disposed:false
428 silly fetch manifest @esbuild/netbsd-arm64@0.27.0
429 silly packumentCache full:https://registry.npmjs.org/@esbuild%2fnetbsd-arm64 cache-miss
430 http fetch GET 200 https://registry.npmjs.org/@esbuild%2fnetbsd-x64 335ms (cache updated)
431 silly packumentCache full:https://registry.npmjs.org/@esbuild%2fnetbsd-x64 set size:undefined disposed:false
432 silly fetch manifest @esbuild/android-arm64@0.27.0
433 silly packumentCache full:https://registry.npmjs.org/@esbuild%2fandroid-arm64 cache-miss
434 http fetch GET 200 https://registry.npmjs.org/@esbuild%2fwin32-ia32 319ms (cache updated)
435 silly packumentCache full:https://registry.npmjs.org/@esbuild%2fwin32-ia32 set size:undefined disposed:false
436 silly fetch manifest @esbuild/freebsd-arm64@0.27.0
437 silly packumentCache full:https://registry.npmjs.org/@esbuild%2ffreebsd-arm64 cache-miss
438 http fetch GET 200 https://registry.npmjs.org/@esbuild%2fandroid-x64 300ms (cache updated)
439 silly packumentCache full:https://registry.npmjs.org/@esbuild%2fandroid-x64 set size:undefined disposed:false
440 silly fetch manifest @esbuild/linux-loong64@0.27.0
441 silly packumentCache full:https://registry.npmjs.org/@esbuild%2flinux-loong64 cache-miss
442 http fetch GET 200 https://registry.npmjs.org/@esbuild%2fandroid-arm 319ms (cache updated)
443 silly packumentCache full:https://registry.npmjs.org/@esbuild%2fandroid-arm set size:undefined disposed:false
444 silly fetch manifest @esbuild/linux-riscv64@0.27.0
445 silly packumentCache full:https://registry.npmjs.org/@esbuild%2flinux-riscv64 cache-miss
446 http fetch GET 200 https://registry.npmjs.org/@esbuild%2ffreebsd-x64 313ms (cache updated)
447 silly packumentCache full:https://registry.npmjs.org/@esbuild%2ffreebsd-x64 set size:undefined disposed:false
448 silly fetch manifest @esbuild/openbsd-arm64@0.27.0
449 silly packumentCache full:https://registry.npmjs.org/@esbuild%2fopenbsd-arm64 cache-miss
450 http fetch GET 200 https://registry.npmjs.org/@esbuild%2flinux-arm64 321ms (cache updated)
451 silly packumentCache full:https://registry.npmjs.org/@esbuild%2flinux-arm64 set size:undefined disposed:false
452 silly fetch manifest @esbuild/linux-mips64el@0.27.0
453 silly packumentCache full:https://registry.npmjs.org/@esbuild%2flinux-mips64el cache-miss
454 http fetch GET 200 https://registry.npmjs.org/rolldown 1787ms (cache updated)
455 silly packumentCache full:https://registry.npmjs.org/rolldown set size:undefined disposed:false
456 silly fetch manifest @esbuild/openharmony-arm64@0.27.0
457 silly packumentCache full:https://registry.npmjs.org/@esbuild%2fopenharmony-arm64 cache-miss
458 http fetch GET 200 https://registry.npmjs.org/@esbuild%2fwin32-arm64 383ms (cache updated)
459 silly packumentCache full:https://registry.npmjs.org/@esbuild%2fwin32-arm64 set size:undefined disposed:false
460 silly fetch manifest zod@^4.1.1
461 silly packumentCache full:https://registry.npmjs.org/zod cache-miss
462 http fetch GET 200 https://registry.npmjs.org/@esbuild%2flinux-ppc64 454ms (cache updated)
463 silly packumentCache full:https://registry.npmjs.org/@esbuild%2flinux-ppc64 set size:undefined disposed:false
464 silly fetch manifest debug@^4.4.1
465 silly packumentCache full:https://registry.npmjs.org/debug cache-miss
466 http fetch GET 200 https://registry.npmjs.org/@esbuild%2flinux-s390x 442ms (cache updated)
467 silly packumentCache full:https://registry.npmjs.org/@esbuild%2flinux-s390x set size:undefined disposed:false
468 silly fetch manifest async-retry@1.3.3
469 silly packumentCache full:https://registry.npmjs.org/async-retry cache-hit
470 silly fetch manifest @vercel/sandbox@2.1.1
471 silly packumentCache full:https://registry.npmjs.org/@vercel%2fsandbox cache-miss
472 http fetch GET 200 https://registry.npmjs.org/@esbuild%2fopenbsd-x64 418ms (cache updated)
473 silly packumentCache full:https://registry.npmjs.org/@esbuild%2fopenbsd-x64 set size:undefined disposed:false
474 silly fetch manifest @fastify/busboy@^2.0.0
475 silly packumentCache full:https://registry.npmjs.org/@fastify%2fbusboy cache-miss
476 http fetch GET 200 https://registry.npmjs.org/@esbuild%2fdarwin-arm64 363ms (cache updated)
477 silly packumentCache full:https://registry.npmjs.org/@esbuild%2fdarwin-arm64 set size:undefined disposed:false
478 http fetch GET 200 https://registry.npmjs.org/@esbuild%2fnetbsd-arm64 329ms (cache updated)
479 silly packumentCache full:https://registry.npmjs.org/@esbuild%2fnetbsd-arm64 set size:undefined disposed:false
480 http cache https://registry.npmjs.org/zod 86ms (cache hit)
481 silly packumentCache full:https://registry.npmjs.org/zod set size:3552562 disposed:false
482 http fetch GET 200 https://registry.npmjs.org/debug 166ms (cache revalidated)
483 silly packumentCache full:https://registry.npmjs.org/debug set size:195840 disposed:false
484 http fetch GET 200 https://registry.npmjs.org/@esbuild%2fopenharmony-arm64 213ms (cache updated)
485 silly packumentCache full:https://registry.npmjs.org/@esbuild%2fopenharmony-arm64 set size:undefined disposed:false
486 http fetch GET 200 https://registry.npmjs.org/@esbuild%2fopenbsd-arm64 356ms (cache updated)
487 silly packumentCache full:https://registry.npmjs.org/@esbuild%2fopenbsd-arm64 set size:undefined disposed:false
488 http fetch GET 200 https://registry.npmjs.org/@esbuild%2fandroid-arm64 397ms (cache updated)
489 silly packumentCache full:https://registry.npmjs.org/@esbuild%2fandroid-arm64 set size:undefined disposed:false
490 http fetch GET 200 https://registry.npmjs.org/@esbuild%2ffreebsd-arm64 395ms (cache updated)
491 silly packumentCache full:https://registry.npmjs.org/@esbuild%2ffreebsd-arm64 set size:undefined disposed:false
492 http fetch GET 200 https://registry.npmjs.org/@esbuild%2flinux-riscv64 399ms (cache updated)
493 silly packumentCache full:https://registry.npmjs.org/@esbuild%2flinux-riscv64 set size:undefined disposed:false
494 http fetch GET 200 https://registry.npmjs.org/@esbuild%2flinux-loong64 422ms (cache updated)
495 silly packumentCache full:https://registry.npmjs.org/@esbuild%2flinux-loong64 set size:undefined disposed:false
496 http fetch GET 200 https://registry.npmjs.org/@fastify%2fbusboy 222ms (cache revalidated)
497 silly packumentCache full:https://registry.npmjs.org/@fastify%2fbusboy set size:62369 disposed:false
498 http fetch GET 200 https://registry.npmjs.org/@esbuild%2flinux-mips64el 398ms (cache updated)
499 silly packumentCache full:https://registry.npmjs.org/@esbuild%2flinux-mips64el set size:undefined disposed:false
500 http fetch GET 200 https://registry.npmjs.org/@vercel%2fsandbox 251ms (cache updated)
501 silly packumentCache full:https://registry.npmjs.org/@vercel%2fsandbox set size:undefined disposed:false
502 http fetch GET 200 https://registry.npmjs.org/@types%2fnode 1492ms (cache updated)
503 silly packumentCache full:https://registry.npmjs.org/@types%2fnode set size:undefined disposed:false
504 http fetch GET 200 https://registry.npmjs.org/typescript 1621ms (cache updated)
505 silly packumentCache full:https://registry.npmjs.org/typescript set size:undefined disposed:false
506 silly placeDep ROOT @vercel/nft@1.10.0 OK for: @vercel/backends@0.8.21 want: 1.10.0
507 silly placeDep ROOT @vercel/static-config@3.4.0 OK for: @vercel/backends@0.8.21 want: 3.4.0
508 silly placeDep ROOT execa@3.2.0 OK for: @vercel/backends@0.8.21 want: 3.2.0
509 silly placeDep ROOT fs-extra@11.1.0 OK for: @vercel/backends@0.8.21 want: 11.1.0
510 silly placeDep ROOT get-port@5.1.1 OK for: @vercel/backends@0.8.21 want: 5.1.1
511 silly placeDep ROOT oxc-transform@0.111.0 OK for: @vercel/backends@0.8.21 want: 0.111.0
512 silly placeDep ROOT path-to-regexp@8.3.0 OK for: @vercel/backends@0.8.21 want: 8.3.0
513 silly placeDep ROOT resolve.exports@2.0.3 OK for: @vercel/backends@0.8.21 want: 2.0.3
514 silly placeDep ROOT rolldown@1.0.0-rc.1 OK for: @vercel/backends@0.8.21 want: 1.0.0-rc.1
515 silly placeDep ROOT srvx@0.11.16 OK for: @vercel/backends@0.8.21 want: 0.11.16
516 silly placeDep ROOT ts-morph@12.0.0 OK for: @vercel/backends@0.8.21 want: 12.0.0
517 silly placeDep ROOT tsx@4.21.0 OK for: @vercel/backends@0.8.21 want: 4.21.0
518 silly placeDep node_modules/@vercel/backends zod@3.22.4 OK for: @vercel/backends@0.8.21 want: 3.22.4
519 silly fetch manifest glob@^13.0.0
520 silly packumentCache full:https://registry.npmjs.org/glob cache-miss
521 silly fetch manifest acorn@^8.6.0
522 silly packumentCache full:https://registry.npmjs.org/acorn cache-miss
523 silly fetch manifest bindings@^1.4.0
524 silly packumentCache full:https://registry.npmjs.org/bindings cache-miss
525 silly fetch manifest picomatch@^4.0.2
526 silly packumentCache full:https://registry.npmjs.org/picomatch cache-miss
527 silly fetch manifest async-sema@^3.1.1
528 silly packumentCache full:https://registry.npmjs.org/async-sema cache-miss
529 silly fetch manifest graceful-fs@^4.2.9
530 silly packumentCache full:https://registry.npmjs.org/graceful-fs cache-miss
531 silly fetch manifest resolve-from@^5.0.0
532 silly packumentCache full:https://registry.npmjs.org/resolve-from cache-miss
533 silly fetch manifest estree-walker@2.0.2
534 silly packumentCache full:https://registry.npmjs.org/estree-walker cache-miss
535 silly fetch manifest node-gyp-build@^4.2.2
536 silly packumentCache full:https://registry.npmjs.org/node-gyp-build cache-miss
537 silly fetch manifest @rollup/pluginutils@^5.1.3
538 silly packumentCache full:https://registry.npmjs.org/@rollup%2fpluginutils cache-miss
539 silly fetch manifest @mapbox/node-pre-gyp@^2.0.0
540 silly packumentCache full:https://registry.npmjs.org/@mapbox%2fnode-pre-gyp cache-miss
541 silly fetch manifest acorn-import-attributes@^1.9.5
542 silly packumentCache full:https://registry.npmjs.org/acorn-import-attributes cache-miss
543 silly fetch manifest ajv@8.6.3
544 silly packumentCache full:https://registry.npmjs.org/ajv cache-miss
545 silly fetch manifest json-schema-to-ts@1.6.4
546 silly packumentCache full:https://registry.npmjs.org/json-schema-to-ts cache-miss
547 silly fetch manifest onetime@^5.1.0
548 silly packumentCache full:https://registry.npmjs.org/onetime cache-miss
549 http fetch GET 200 https://registry.npmjs.org/picomatch 77ms (cache revalidated)
550 silly packumentCache full:https://registry.npmjs.org/picomatch set size:126376 disposed:false
551 silly fetch manifest is-stream@^2.0.0
552 silly packumentCache full:https://registry.npmjs.org/is-stream cache-miss
553 http fetch GET 200 https://registry.npmjs.org/node-gyp-build 85ms (cache revalidated)
554 silly packumentCache full:https://registry.npmjs.org/node-gyp-build set size:84545 disposed:false
555 silly fetch manifest p-finally@^2.0.0
556 silly packumentCache full:https://registry.npmjs.org/p-finally cache-miss
557 http fetch GET 200 https://registry.npmjs.org/glob 94ms (cache revalidated)
558 silly packumentCache full:https://registry.npmjs.org/glob set size:469465 disposed:false
559 silly fetch manifest get-stream@^5.0.0
560 silly packumentCache full:https://registry.npmjs.org/get-stream cache-miss
561 http fetch GET 200 https://registry.npmjs.org/bindings 103ms (cache revalidated)
562 silly packumentCache full:https://registry.npmjs.org/bindings set size:31303 disposed:false
563 silly fetch manifest cross-spawn@^7.0.0
564 silly packumentCache full:https://registry.npmjs.org/cross-spawn cache-miss
565 http fetch GET 200 https://registry.npmjs.org/graceful-fs 142ms (cache revalidated)
566 silly packumentCache full:https://registry.npmjs.org/graceful-fs set size:124285 disposed:false
567 silly fetch manifest signal-exit@^3.0.2
568 silly packumentCache full:https://registry.npmjs.org/signal-exit cache-miss
569 http fetch GET 200 https://registry.npmjs.org/acorn-import-attributes 160ms (cache revalidated)
570 silly packumentCache full:https://registry.npmjs.org/acorn-import-attributes set size:16911 disposed:false
571 silly fetch manifest merge-stream@^2.0.0
572 silly packumentCache full:https://registry.npmjs.org/merge-stream cache-miss
573 http fetch GET 200 https://registry.npmjs.org/estree-walker 169ms (cache revalidated)
574 silly packumentCache full:https://registry.npmjs.org/estree-walker set size:60887 disposed:false
575 silly fetch manifest npm-run-path@^4.0.0
576 silly packumentCache full:https://registry.npmjs.org/npm-run-path cache-miss
577 http fetch GET 200 https://registry.npmjs.org/json-schema-to-ts 174ms (cache revalidated)
578 silly packumentCache full:https://registry.npmjs.org/json-schema-to-ts set size:287972 disposed:false
579 silly fetch manifest human-signals@^1.1.1
580 silly packumentCache full:https://registry.npmjs.org/human-signals cache-miss
581 http fetch GET 200 https://registry.npmjs.org/ajv 185ms (cache revalidated)
582 silly packumentCache full:https://registry.npmjs.org/ajv set size:1142658 disposed:false
583 silly fetch manifest strip-final-newline@^2.0.0
584 silly packumentCache full:https://registry.npmjs.org/strip-final-newline cache-miss
585 http fetch GET 200 https://registry.npmjs.org/resolve-from 209ms (cache revalidated)
586 silly packumentCache full:https://registry.npmjs.org/resolve-from set size:12911 disposed:false
587 silly fetch manifest jsonfile@^6.0.1
588 silly packumentCache full:https://registry.npmjs.org/jsonfile cache-miss
589 http fetch GET 200 https://registry.npmjs.org/@mapbox%2fnode-pre-gyp 247ms (cache revalidated)
590 silly packumentCache full:https://registry.npmjs.org/@mapbox%2fnode-pre-gyp set size:134009 disposed:false
591 silly fetch manifest graceful-fs@^4.2.0
592 silly packumentCache full:https://registry.npmjs.org/graceful-fs cache-hit
593 silly fetch manifest universalify@^2.0.0
594 silly packumentCache full:https://registry.npmjs.org/universalify cache-miss
595 http fetch GET 200 https://registry.npmjs.org/async-sema 257ms (cache updated)
596 silly packumentCache full:https://registry.npmjs.org/async-sema set size:undefined disposed:false
597 silly fetch manifest @oxc-transform/binding-darwin-x64@0.111.0
598 silly packumentCache full:https://registry.npmjs.org/@oxc-transform%2fbinding-darwin-x64 cache-miss
599 http fetch GET 200 https://registry.npmjs.org/@rollup%2fpluginutils 264ms (cache updated)
600 silly packumentCache full:https://registry.npmjs.org/@rollup%2fpluginutils set size:undefined disposed:false
601 silly fetch manifest @oxc-transform/binding-freebsd-x64@0.111.0
602 silly packumentCache full:https://registry.npmjs.org/@oxc-transform%2fbinding-freebsd-x64 cache-miss
603 http fetch GET 200 https://registry.npmjs.org/is-stream 218ms (cache revalidated)
604 silly packumentCache full:https://registry.npmjs.org/is-stream set size:18582 disposed:false
605 silly fetch manifest @oxc-transform/binding-wasm32-wasi@0.111.0
606 silly packumentCache full:https://registry.npmjs.org/@oxc-transform%2fbinding-wasm32-wasi cache-miss
607 http fetch GET 200 https://registry.npmjs.org/onetime 305ms (cache revalidated)
608 silly packumentCache full:https://registry.npmjs.org/onetime set size:32314 disposed:false
609 silly fetch manifest @oxc-transform/binding-darwin-arm64@0.111.0
610 silly packumentCache full:https://registry.npmjs.org/@oxc-transform%2fbinding-darwin-arm64 cache-miss
611 http fetch GET 200 https://registry.npmjs.org/p-finally 226ms (cache revalidated)
612 silly packumentCache full:https://registry.npmjs.org/p-finally set size:11668 disposed:false
613 silly fetch manifest @oxc-transform/binding-android-arm64@0.111.0
614 silly packumentCache full:https://registry.npmjs.org/@oxc-transform%2fbinding-android-arm64 cache-miss
615 http fetch GET 200 https://registry.npmjs.org/get-stream 226ms (cache revalidated)
616 silly packumentCache full:https://registry.npmjs.org/get-stream set size:57536 disposed:false
617 silly fetch manifest @oxc-transform/binding-linux-x64-gnu@0.111.0
618 silly packumentCache full:https://registry.npmjs.org/@oxc-transform%2fbinding-linux-x64-gnu cache-miss
619 http fetch GET 200 https://registry.npmjs.org/cross-spawn 233ms (cache revalidated)
620 silly packumentCache full:https://registry.npmjs.org/cross-spawn set size:109066 disposed:false
621 silly fetch manifest @oxc-transform/binding-linux-x64-musl@0.111.0
622 silly packumentCache full:https://registry.npmjs.org/@oxc-transform%2fbinding-linux-x64-musl cache-miss
623 http fetch GET 200 https://registry.npmjs.org/signal-exit 202ms (cache revalidated)
624 silly packumentCache full:https://registry.npmjs.org/signal-exit set size:53489 disposed:false
625 silly fetch manifest @oxc-transform/binding-win32-x64-msvc@0.111.0
626 silly packumentCache full:https://registry.npmjs.org/@oxc-transform%2fbinding-win32-x64-msvc cache-miss
627 http fetch GET 200 https://registry.npmjs.org/acorn 367ms (cache updated)
628 silly packumentCache full:https://registry.npmjs.org/acorn set size:undefined disposed:false
629 silly fetch manifest @oxc-transform/binding-linux-arm64-gnu@0.111.0
630 silly packumentCache full:https://registry.npmjs.org/@oxc-transform%2fbinding-linux-arm64-gnu cache-miss
631 http fetch GET 200 https://registry.npmjs.org/npm-run-path 206ms (cache revalidated)
632 silly packumentCache full:https://registry.npmjs.org/npm-run-path set size:33596 disposed:false
633 silly fetch manifest @oxc-transform/binding-linux-ppc64-gnu@0.111.0
634 silly packumentCache full:https://registry.npmjs.org/@oxc-transform%2fbinding-linux-ppc64-gnu cache-miss
635 http fetch GET 200 https://registry.npmjs.org/merge-stream 220ms (cache revalidated)
636 silly packumentCache full:https://registry.npmjs.org/merge-stream set size:22168 disposed:false
637 silly fetch manifest @oxc-transform/binding-linux-s390x-gnu@0.111.0
638 silly packumentCache full:https://registry.npmjs.org/@oxc-transform%2fbinding-linux-s390x-gnu cache-miss
639 http fetch GET 200 https://registry.npmjs.org/strip-final-newline 192ms (cache revalidated)
640 silly packumentCache full:https://registry.npmjs.org/strip-final-newline set size:9328 disposed:false
641 silly fetch manifest @oxc-transform/binding-win32-ia32-msvc@0.111.0
642 silly packumentCache full:https://registry.npmjs.org/@oxc-transform%2fbinding-win32-ia32-msvc cache-miss
643 http fetch GET 200 https://registry.npmjs.org/human-signals 224ms (cache revalidated)
644 silly packumentCache full:https://registry.npmjs.org/human-signals set size:47322 disposed:false
645 silly fetch manifest @oxc-transform/binding-android-arm-eabi@0.111.0
646 silly packumentCache full:https://registry.npmjs.org/@oxc-transform%2fbinding-android-arm-eabi cache-miss
647 http fetch GET 200 https://registry.npmjs.org/jsonfile 217ms (cache revalidated)
648 silly packumentCache full:https://registry.npmjs.org/jsonfile set size:53210 disposed:false
649 silly fetch manifest @oxc-transform/binding-linux-arm64-musl@0.111.0
650 silly packumentCache full:https://registry.npmjs.org/@oxc-transform%2fbinding-linux-arm64-musl cache-miss
651 http fetch GET 200 https://registry.npmjs.org/universalify 212ms (cache revalidated)
652 silly packumentCache full:https://registry.npmjs.org/universalify set size:19431 disposed:false
653 silly fetch manifest @oxc-transform/binding-win32-arm64-msvc@0.111.0
654 silly packumentCache full:https://registry.npmjs.org/@oxc-transform%2fbinding-win32-arm64-msvc cache-miss
655 http fetch GET 200 https://registry.npmjs.org/@oxc-transform%2fbinding-freebsd-x64 251ms (cache updated)
656 silly packumentCache full:https://registry.npmjs.org/@oxc-transform%2fbinding-freebsd-x64 set size:undefined disposed:false
657 silly fetch manifest @oxc-transform/binding-linux-riscv64-gnu@0.111.0
658 silly packumentCache full:https://registry.npmjs.org/@oxc-transform%2fbinding-linux-riscv64-gnu cache-miss
659 http fetch GET 200 https://registry.npmjs.org/@oxc-transform%2fbinding-darwin-x64 266ms (cache updated)
660 silly packumentCache full:https://registry.npmjs.org/@oxc-transform%2fbinding-darwin-x64 set size:undefined disposed:false
661 silly fetch manifest @oxc-transform/binding-openharmony-arm64@0.111.0
662 silly packumentCache full:https://registry.npmjs.org/@oxc-transform%2fbinding-openharmony-arm64 cache-miss
663 http fetch GET 200 https://registry.npmjs.org/@oxc-transform%2fbinding-wasm32-wasi 311ms (cache updated)
664 silly packumentCache full:https://registry.npmjs.org/@oxc-transform%2fbinding-wasm32-wasi set size:undefined disposed:false
665 silly fetch manifest @oxc-transform/binding-linux-riscv64-musl@0.111.0
666 silly packumentCache full:https://registry.npmjs.org/@oxc-transform%2fbinding-linux-riscv64-musl cache-miss
667 http fetch GET 200 https://registry.npmjs.org/@oxc-transform%2fbinding-win32-ia32-msvc 229ms (cache updated)
668 silly packumentCache full:https://registry.npmjs.org/@oxc-transform%2fbinding-win32-ia32-msvc set size:undefined disposed:false
669 silly fetch manifest @oxc-transform/binding-linux-arm-gnueabihf@0.111.0
670 silly packumentCache full:https://registry.npmjs.org/@oxc-transform%2fbinding-linux-arm-gnueabihf cache-miss
671 http fetch GET 200 https://registry.npmjs.org/@oxc-transform%2fbinding-linux-ppc64-gnu 247ms (cache updated)
672 silly packumentCache full:https://registry.npmjs.org/@oxc-transform%2fbinding-linux-ppc64-gnu set size:undefined disposed:false
673 silly fetch manifest @oxc-transform/binding-linux-arm-musleabihf@0.111.0
674 silly packumentCache full:https://registry.npmjs.org/@oxc-transform%2fbinding-linux-arm-musleabihf cache-miss
675 http fetch GET 200 https://registry.npmjs.org/@oxc-transform%2fbinding-android-arm-eabi 218ms (cache updated)
676 silly packumentCache full:https://registry.npmjs.org/@oxc-transform%2fbinding-android-arm-eabi set size:undefined disposed:false
677 silly fetch manifest @oxc-project/types@=0.110.0
678 silly packumentCache full:https://registry.npmjs.org/@oxc-project%2ftypes cache-miss
679 http fetch GET 200 https://registry.npmjs.org/@oxc-transform%2fbinding-darwin-arm64 327ms (cache updated)
680 silly packumentCache full:https://registry.npmjs.org/@oxc-transform%2fbinding-darwin-arm64 set size:undefined disposed:false
681 silly fetch manifest @rolldown/pluginutils@1.0.0-rc.1
682 silly packumentCache full:https://registry.npmjs.org/@rolldown%2fpluginutils cache-miss
683 http fetch GET 200 https://registry.npmjs.org/@oxc-transform%2fbinding-android-arm64 339ms (cache updated)
684 silly packumentCache full:https://registry.npmjs.org/@oxc-transform%2fbinding-android-arm64 set size:undefined disposed:false
685 silly fetch manifest @rolldown/binding-darwin-x64@1.0.0-rc.1
686 silly packumentCache full:https://registry.npmjs.org/@rolldown%2fbinding-darwin-x64 cache-miss
687 http fetch GET 200 https://registry.npmjs.org/@oxc-transform%2fbinding-linux-x64-musl 322ms (cache updated)
688 silly packumentCache full:https://registry.npmjs.org/@oxc-transform%2fbinding-linux-x64-musl set size:undefined disposed:false
689 silly fetch manifest @rolldown/binding-freebsd-x64@1.0.0-rc.1
690 silly packumentCache full:https://registry.npmjs.org/@rolldown%2fbinding-freebsd-x64 cache-miss
691 http fetch GET 200 https://registry.npmjs.org/@oxc-transform%2fbinding-linux-x64-gnu 345ms (cache updated)
692 silly packumentCache full:https://registry.npmjs.org/@oxc-transform%2fbinding-linux-x64-gnu set size:undefined disposed:false
693 silly fetch manifest @rolldown/binding-wasm32-wasi@1.0.0-rc.1
694 silly packumentCache full:https://registry.npmjs.org/@rolldown%2fbinding-wasm32-wasi cache-miss
695 http fetch GET 200 https://registry.npmjs.org/@oxc-transform%2fbinding-linux-arm64-gnu 312ms (cache updated)
696 silly packumentCache full:https://registry.npmjs.org/@oxc-transform%2fbinding-linux-arm64-gnu set size:undefined disposed:false
697 silly fetch manifest @rolldown/binding-darwin-arm64@1.0.0-rc.1
698 silly packumentCache full:https://registry.npmjs.org/@rolldown%2fbinding-darwin-arm64 cache-miss
699 http fetch GET 200 https://registry.npmjs.org/@oxc-transform%2fbinding-linux-arm64-musl 261ms (cache updated)
700 silly packumentCache full:https://registry.npmjs.org/@oxc-transform%2fbinding-linux-arm64-musl set size:undefined disposed:false
701 silly fetch manifest @rolldown/binding-android-arm64@1.0.0-rc.1
702 silly packumentCache full:https://registry.npmjs.org/@rolldown%2fbinding-android-arm64 cache-miss
703 http fetch GET 200 https://registry.npmjs.org/@oxc-transform%2fbinding-openharmony-arm64 240ms (cache updated)
704 silly packumentCache full:https://registry.npmjs.org/@oxc-transform%2fbinding-openharmony-arm64 set size:undefined disposed:false
705 silly fetch manifest @rolldown/binding-linux-x64-gnu@1.0.0-rc.1
706 silly packumentCache full:https://registry.npmjs.org/@rolldown%2fbinding-linux-x64-gnu cache-miss
707 http fetch GET 200 https://registry.npmjs.org/@oxc-transform%2fbinding-linux-riscv64-musl 169ms (cache updated)
708 silly packumentCache full:https://registry.npmjs.org/@oxc-transform%2fbinding-linux-riscv64-musl set size:undefined disposed:false
709 silly fetch manifest @rolldown/binding-linux-x64-musl@1.0.0-rc.1
710 silly packumentCache full:https://registry.npmjs.org/@rolldown%2fbinding-linux-x64-musl cache-miss
711 http fetch GET 200 https://registry.npmjs.org/@oxc-transform%2fbinding-linux-riscv64-gnu 268ms (cache updated)
712 silly packumentCache full:https://registry.npmjs.org/@oxc-transform%2fbinding-linux-riscv64-gnu set size:undefined disposed:false
713 silly fetch manifest @rolldown/binding-win32-x64-msvc@1.0.0-rc.1
714 silly packumentCache full:https://registry.npmjs.org/@rolldown%2fbinding-win32-x64-msvc cache-miss
715 http fetch GET 200 https://registry.npmjs.org/@rolldown%2fpluginutils 175ms (cache revalidated)
716 silly packumentCache full:https://registry.npmjs.org/@rolldown%2fpluginutils set size:300388 disposed:false
717 silly fetch manifest @rolldown/binding-linux-arm64-gnu@1.0.0-rc.1
718 silly packumentCache full:https://registry.npmjs.org/@rolldown%2fbinding-linux-arm64-gnu cache-miss
719 http fetch GET 200 https://registry.npmjs.org/@oxc-transform%2fbinding-linux-arm-musleabihf 224ms (cache updated)
720 silly packumentCache full:https://registry.npmjs.org/@oxc-transform%2fbinding-linux-arm-musleabihf set size:undefined disposed:false
721 silly fetch manifest @rolldown/binding-linux-arm64-musl@1.0.0-rc.1
722 silly packumentCache full:https://registry.npmjs.org/@rolldown%2fbinding-linux-arm64-musl cache-miss
723 http fetch GET 200 https://registry.npmjs.org/@oxc-transform%2fbinding-linux-arm-gnueabihf 240ms (cache updated)
724 silly packumentCache full:https://registry.npmjs.org/@oxc-transform%2fbinding-linux-arm-gnueabihf set size:undefined disposed:false
725 silly fetch manifest @rolldown/binding-win32-arm64-msvc@1.0.0-rc.1
726 silly packumentCache full:https://registry.npmjs.org/@rolldown%2fbinding-win32-arm64-msvc cache-miss
727 http fetch GET 200 https://registry.npmjs.org/@oxc-transform%2fbinding-linux-s390x-gnu 505ms (cache updated)
728 silly packumentCache full:https://registry.npmjs.org/@oxc-transform%2fbinding-linux-s390x-gnu set size:undefined disposed:false
729 silly fetch manifest @rolldown/binding-openharmony-arm64@1.0.0-rc.1
730 silly packumentCache full:https://registry.npmjs.org/@rolldown%2fbinding-openharmony-arm64 cache-miss
731 http fetch GET 200 https://registry.npmjs.org/@oxc-transform%2fbinding-win32-x64-msvc 568ms (cache updated)
732 silly packumentCache full:https://registry.npmjs.org/@oxc-transform%2fbinding-win32-x64-msvc set size:undefined disposed:false
733 silly fetch manifest @rolldown/binding-linux-arm-gnueabihf@1.0.0-rc.1
734 silly packumentCache full:https://registry.npmjs.org/@rolldown%2fbinding-linux-arm-gnueabihf cache-miss
735 http fetch GET 200 https://registry.npmjs.org/@oxc-project%2ftypes 298ms (cache updated)
736 silly packumentCache full:https://registry.npmjs.org/@oxc-project%2ftypes set size:undefined disposed:false
737 silly fetch manifest @ts-morph/common@~0.11.0
738 silly packumentCache full:https://registry.npmjs.org/@ts-morph%2fcommon cache-miss
739 http fetch GET 200 https://registry.npmjs.org/@rolldown%2fbinding-android-arm64 289ms (cache updated)
740 silly packumentCache full:https://registry.npmjs.org/@rolldown%2fbinding-android-arm64 set size:undefined disposed:false
741 silly fetch manifest code-block-writer@^10.1.1
742 silly packumentCache full:https://registry.npmjs.org/code-block-writer cache-miss
743 http fetch GET 200 https://registry.npmjs.org/@oxc-transform%2fbinding-win32-arm64-msvc 563ms (cache updated)
744 silly packumentCache full:https://registry.npmjs.org/@oxc-transform%2fbinding-win32-arm64-msvc set size:undefined disposed:false
745 silly fetch manifest get-tsconfig@^4.7.5
746 silly packumentCache full:https://registry.npmjs.org/get-tsconfig cache-miss
747 http fetch GET 200 https://registry.npmjs.org/@ts-morph%2fcommon 185ms (cache revalidated)
748 silly packumentCache full:https://registry.npmjs.org/@ts-morph%2fcommon set size:164227 disposed:false
749 silly fetch manifest fsevents@~2.3.3
750 silly packumentCache full:https://registry.npmjs.org/fsevents cache-miss
751 http fetch GET 200 https://registry.npmjs.org/code-block-writer 156ms (cache revalidated)
752 silly packumentCache full:https://registry.npmjs.org/code-block-writer set size:203952 disposed:false
753 http fetch GET 200 https://registry.npmjs.org/get-tsconfig 133ms (cache revalidated)
754 silly packumentCache full:https://registry.npmjs.org/get-tsconfig set size:128095 disposed:false
755 http fetch GET 200 https://registry.npmjs.org/@rolldown%2fbinding-openharmony-arm64 273ms (cache updated)
756 silly packumentCache full:https://registry.npmjs.org/@rolldown%2fbinding-openharmony-arm64 set size:undefined disposed:false
757 http fetch GET 200 https://registry.npmjs.org/@rolldown%2fbinding-freebsd-x64 516ms (cache updated)
758 silly packumentCache full:https://registry.npmjs.org/@rolldown%2fbinding-freebsd-x64 set size:undefined disposed:false
759 http fetch GET 200 https://registry.npmjs.org/@rolldown%2fbinding-darwin-x64 603ms (cache updated)
760 silly packumentCache full:https://registry.npmjs.org/@rolldown%2fbinding-darwin-x64 set size:undefined disposed:false
761 http fetch GET 200 https://registry.npmjs.org/@rolldown%2fbinding-wasm32-wasi 600ms (cache updated)
762 silly packumentCache full:https://registry.npmjs.org/@rolldown%2fbinding-wasm32-wasi set size:undefined disposed:false
763 http fetch GET 200 https://registry.npmjs.org/@rolldown%2fbinding-darwin-arm64 612ms (cache updated)
764 silly packumentCache full:https://registry.npmjs.org/@rolldown%2fbinding-darwin-arm64 set size:undefined disposed:false
765 http fetch GET 200 https://registry.npmjs.org/fsevents 196ms (cache revalidated)
766 silly packumentCache full:https://registry.npmjs.org/fsevents set size:182472 disposed:false
767 http fetch GET 200 https://registry.npmjs.org/@rolldown%2fbinding-linux-x64-gnu 579ms (cache updated)
768 silly packumentCache full:https://registry.npmjs.org/@rolldown%2fbinding-linux-x64-gnu set size:undefined disposed:false
769 http fetch GET 200 https://registry.npmjs.org/@rolldown%2fbinding-linux-x64-musl 584ms (cache updated)
770 silly packumentCache full:https://registry.npmjs.org/@rolldown%2fbinding-linux-x64-musl set size:undefined disposed:false
771 http fetch GET 200 https://registry.npmjs.org/@rolldown%2fbinding-win32-x64-msvc 592ms (cache updated)
772 silly packumentCache full:https://registry.npmjs.org/@rolldown%2fbinding-win32-x64-msvc set size:undefined disposed:false
773 http fetch GET 200 https://registry.npmjs.org/@rolldown%2fbinding-linux-arm64-gnu 579ms (cache updated)
774 silly packumentCache full:https://registry.npmjs.org/@rolldown%2fbinding-linux-arm64-gnu set size:undefined disposed:false
775 http fetch GET 200 https://registry.npmjs.org/@rolldown%2fbinding-win32-arm64-msvc 564ms (cache updated)
776 silly packumentCache full:https://registry.npmjs.org/@rolldown%2fbinding-win32-arm64-msvc set size:undefined disposed:false
777 http fetch GET 200 https://registry.npmjs.org/@rolldown%2fbinding-linux-arm64-musl 591ms (cache updated)
778 silly packumentCache full:https://registry.npmjs.org/@rolldown%2fbinding-linux-arm64-musl set size:undefined disposed:false
779 http fetch GET 200 https://registry.npmjs.org/@rolldown%2fbinding-linux-arm-gnueabihf 545ms (cache updated)
780 silly packumentCache full:https://registry.npmjs.org/@rolldown%2fbinding-linux-arm-gnueabihf set size:undefined disposed:false
781 silly placeDep ROOT async-retry@1.3.3 OK for: @vercel/blob@2.4.0 want: ^1.3.3
782 silly placeDep ROOT is-buffer@2.0.5 OK for: @vercel/blob@2.4.0 want: ^2.0.5
783 silly placeDep ROOT is-node-process@1.2.0 OK for: @vercel/blob@2.4.0 want: ^1.2.0
784 silly placeDep ROOT throttleit@2.1.0 OK for: @vercel/blob@2.4.0 want: ^2.1.0
785 silly placeDep node_modules/@vercel/blob undici@6.27.0 OK for: @vercel/blob@2.4.0 want: ^6.23.0
786 silly fetch manifest retry@0.13.1
787 silly packumentCache full:https://registry.npmjs.org/retry cache-miss
788 http fetch GET 200 https://registry.npmjs.org/retry 89ms (cache revalidated)
789 silly packumentCache full:https://registry.npmjs.org/retry set size:31161 disposed:false
790 silly placeDep ROOT @vercel/python-analysis@0.11.1 OK for: @vercel/build-utils@13.32.2 want: 0.11.1
791 silly placeDep ROOT cjs-module-lexer@1.2.3 OK for: @vercel/build-utils@13.32.2 want: 1.2.3
792 silly placeDep ROOT es-module-lexer@1.5.0 OK for: @vercel/build-utils@13.32.2 want: 1.5.0
793 silly fetch manifest js-yaml@4.1.1
794 silly packumentCache full:https://registry.npmjs.org/js-yaml cache-miss
795 silly fetch manifest fs-extra@11.1.1
796 silly packumentCache full:https://registry.npmjs.org/fs-extra cache-miss
797 silly fetch manifest minimatch@10.1.1
798 silly packumentCache full:https://registry.npmjs.org/minimatch cache-miss
799 silly fetch manifest @renovatebot/pep440@4.2.1
800 silly packumentCache full:https://registry.npmjs.org/@renovatebot%2fpep440 cache-miss
801 silly fetch manifest @bytecodealliance/preview2-shim@0.17.6
802 silly packumentCache full:https://registry.npmjs.org/@bytecodealliance%2fpreview2-shim cache-miss
803 http cache https://registry.npmjs.org/fs-extra 24ms (cache hit)
804 silly packumentCache full:https://registry.npmjs.org/fs-extra set size:237251 disposed:false
805 http fetch GET 200 https://registry.npmjs.org/minimatch 75ms (cache revalidated)
806 silly packumentCache full:https://registry.npmjs.org/minimatch set size:375282 disposed:false
807 http fetch GET 200 https://registry.npmjs.org/@renovatebot%2fpep440 85ms (cache revalidated)
808 silly packumentCache full:https://registry.npmjs.org/@renovatebot%2fpep440 set size:163030 disposed:false
809 http fetch GET 200 https://registry.npmjs.org/js-yaml 97ms (cache updated)
810 silly packumentCache full:https://registry.npmjs.org/js-yaml set size:undefined disposed:false
811 http fetch GET 200 https://registry.npmjs.org/@bytecodealliance%2fpreview2-shim 105ms (cache updated)
812 silly packumentCache full:https://registry.npmjs.org/@bytecodealliance%2fpreview2-shim set size:undefined disposed:false
813 silly placeDep ROOT @napi-rs/keyring@1.2.0 OK for: @vercel/cli-auth@0.3.0 want: 1.2.0
814 silly placeDep node_modules/@vercel/cli-auth async-listen@3.0.0 OK for: @vercel/cli-auth@0.3.0 want: 3.0.0
815 silly placeDep ROOT open@8.4.0 OK for: @vercel/cli-auth@0.3.0 want: 8.4.0
816 silly fetch manifest @napi-rs/keyring-darwin-x64@1.2.0
817 silly packumentCache full:https://registry.npmjs.org/@napi-rs%2fkeyring-darwin-x64 cache-miss
818 silly fetch manifest @napi-rs/keyring-freebsd-x64@1.2.0
819 silly packumentCache full:https://registry.npmjs.org/@napi-rs%2fkeyring-freebsd-x64 cache-miss
820 silly fetch manifest @napi-rs/keyring-darwin-arm64@1.2.0
821 silly packumentCache full:https://registry.npmjs.org/@napi-rs%2fkeyring-darwin-arm64 cache-miss
822 silly fetch manifest @napi-rs/keyring-linux-x64-gnu@1.2.0
823 silly packumentCache full:https://registry.npmjs.org/@napi-rs%2fkeyring-linux-x64-gnu cache-miss
824 silly fetch manifest @napi-rs/keyring-linux-x64-musl@1.2.0
825 silly packumentCache full:https://registry.npmjs.org/@napi-rs%2fkeyring-linux-x64-musl cache-miss
826 silly fetch manifest @napi-rs/keyring-win32-x64-msvc@1.2.0
827 silly packumentCache full:https://registry.npmjs.org/@napi-rs%2fkeyring-win32-x64-msvc cache-miss
828 silly fetch manifest @napi-rs/keyring-linux-arm64-gnu@1.2.0
829 silly packumentCache full:https://registry.npmjs.org/@napi-rs%2fkeyring-linux-arm64-gnu cache-miss
830 silly fetch manifest @napi-rs/keyring-win32-ia32-msvc@1.2.0
831 silly packumentCache full:https://registry.npmjs.org/@napi-rs%2fkeyring-win32-ia32-msvc cache-miss
832 silly fetch manifest @napi-rs/keyring-linux-arm64-musl@1.2.0
833 silly packumentCache full:https://registry.npmjs.org/@napi-rs%2fkeyring-linux-arm64-musl cache-miss
834 silly fetch manifest @napi-rs/keyring-win32-arm64-msvc@1.2.0
835 silly packumentCache full:https://registry.npmjs.org/@napi-rs%2fkeyring-win32-arm64-msvc cache-miss
836 silly fetch manifest @napi-rs/keyring-linux-riscv64-gnu@1.2.0
837 silly packumentCache full:https://registry.npmjs.org/@napi-rs%2fkeyring-linux-riscv64-gnu cache-miss
838 silly fetch manifest @napi-rs/keyring-linux-arm-gnueabihf@1.2.0
839 silly packumentCache full:https://registry.npmjs.org/@napi-rs%2fkeyring-linux-arm-gnueabihf cache-miss
840 silly fetch manifest is-wsl@^2.2.0
841 silly packumentCache full:https://registry.npmjs.org/is-wsl cache-miss
842 silly fetch manifest is-docker@^2.1.1
843 silly packumentCache full:https://registry.npmjs.org/is-docker cache-miss
844 silly fetch manifest define-lazy-prop@^2.0.0
845 silly packumentCache full:https://registry.npmjs.org/define-lazy-prop cache-miss
846 http fetch GET 200 https://registry.npmjs.org/@napi-rs%2fkeyring-freebsd-x64 157ms (cache miss)
847 silly packumentCache full:https://registry.npmjs.org/@napi-rs%2fkeyring-freebsd-x64 set size:undefined disposed:false
848 http fetch GET 200 https://registry.npmjs.org/define-lazy-prop 160ms (cache miss)
849 silly packumentCache full:https://registry.npmjs.org/define-lazy-prop set size:undefined disposed:false
850 http fetch GET 200 https://registry.npmjs.org/@napi-rs%2fkeyring-win32-x64-msvc 171ms (cache miss)
851 silly packumentCache full:https://registry.npmjs.org/@napi-rs%2fkeyring-win32-x64-msvc set size:undefined disposed:false
852 http fetch GET 200 https://registry.npmjs.org/is-wsl 167ms (cache miss)
853 silly packumentCache full:https://registry.npmjs.org/is-wsl set size:undefined disposed:false
854 http fetch GET 200 https://registry.npmjs.org/@napi-rs%2fkeyring-darwin-arm64 183ms (cache miss)
855 silly packumentCache full:https://registry.npmjs.org/@napi-rs%2fkeyring-darwin-arm64 set size:undefined disposed:false
856 http fetch GET 200 https://registry.npmjs.org/@napi-rs%2fkeyring-linux-x64-gnu 185ms (cache miss)
857 silly packumentCache full:https://registry.npmjs.org/@napi-rs%2fkeyring-linux-x64-gnu set size:undefined disposed:false
858 http fetch GET 200 https://registry.npmjs.org/@napi-rs%2fkeyring-win32-ia32-msvc 184ms (cache miss)
859 silly packumentCache full:https://registry.npmjs.org/@napi-rs%2fkeyring-win32-ia32-msvc set size:undefined disposed:false
860 http fetch GET 200 https://registry.npmjs.org/is-docker 184ms (cache miss)
861 silly packumentCache full:https://registry.npmjs.org/is-docker set size:undefined disposed:false
862 http fetch GET 200 https://registry.npmjs.org/@napi-rs%2fkeyring-darwin-x64 193ms (cache miss)
863 silly packumentCache full:https://registry.npmjs.org/@napi-rs%2fkeyring-darwin-x64 set size:undefined disposed:false
864 http fetch GET 200 https://registry.npmjs.org/@napi-rs%2fkeyring-win32-arm64-msvc 193ms (cache miss)
865 silly packumentCache full:https://registry.npmjs.org/@napi-rs%2fkeyring-win32-arm64-msvc set size:undefined disposed:false
866 http fetch GET 200 https://registry.npmjs.org/@napi-rs%2fkeyring-linux-arm64-musl 196ms (cache miss)
867 silly packumentCache full:https://registry.npmjs.org/@napi-rs%2fkeyring-linux-arm64-musl set size:undefined disposed:false
868 http fetch GET 200 https://registry.npmjs.org/@napi-rs%2fkeyring-linux-arm-gnueabihf 198ms (cache miss)
869 silly packumentCache full:https://registry.npmjs.org/@napi-rs%2fkeyring-linux-arm-gnueabihf set size:undefined disposed:false
870 http fetch GET 200 https://registry.npmjs.org/@napi-rs%2fkeyring-linux-arm64-gnu 202ms (cache miss)
871 silly packumentCache full:https://registry.npmjs.org/@napi-rs%2fkeyring-linux-arm64-gnu set size:undefined disposed:false
872 http fetch GET 200 https://registry.npmjs.org/@napi-rs%2fkeyring-linux-x64-musl 205ms (cache miss)
873 silly packumentCache full:https://registry.npmjs.org/@napi-rs%2fkeyring-linux-x64-musl set size:undefined disposed:false
874 http fetch GET 200 https://registry.npmjs.org/@napi-rs%2fkeyring-linux-riscv64-gnu 254ms (cache miss)
875 silly packumentCache full:https://registry.npmjs.org/@napi-rs%2fkeyring-linux-riscv64-gnu set size:undefined disposed:false
876 silly placeDep ROOT @napi-rs/keyring-darwin-arm64@1.2.0 OK for: @napi-rs/keyring@1.2.0 want: 1.2.0
877 silly placeDep ROOT @napi-rs/keyring-darwin-x64@1.2.0 OK for: @napi-rs/keyring@1.2.0 want: 1.2.0
878 silly placeDep ROOT @napi-rs/keyring-freebsd-x64@1.2.0 OK for: @napi-rs/keyring@1.2.0 want: 1.2.0
879 silly placeDep ROOT @napi-rs/keyring-linux-arm-gnueabihf@1.2.0 OK for: @napi-rs/keyring@1.2.0 want: 1.2.0
880 silly placeDep ROOT @napi-rs/keyring-linux-arm64-gnu@1.2.0 OK for: @napi-rs/keyring@1.2.0 want: 1.2.0
881 silly placeDep ROOT @napi-rs/keyring-linux-arm64-musl@1.2.0 OK for: @napi-rs/keyring@1.2.0 want: 1.2.0
882 silly placeDep ROOT @napi-rs/keyring-linux-riscv64-gnu@1.2.0 OK for: @napi-rs/keyring@1.2.0 want: 1.2.0
883 silly placeDep ROOT @napi-rs/keyring-linux-x64-gnu@1.2.0 OK for: @napi-rs/keyring@1.2.0 want: 1.2.0
884 silly placeDep ROOT @napi-rs/keyring-linux-x64-musl@1.2.0 OK for: @napi-rs/keyring@1.2.0 want: 1.2.0
885 silly placeDep ROOT @napi-rs/keyring-win32-arm64-msvc@1.2.0 OK for: @napi-rs/keyring@1.2.0 want: 1.2.0
886 silly placeDep ROOT @napi-rs/keyring-win32-ia32-msvc@1.2.0 OK for: @napi-rs/keyring@1.2.0 want: 1.2.0
887 silly placeDep ROOT @napi-rs/keyring-win32-x64-msvc@1.2.0 OK for: @napi-rs/keyring@1.2.0 want: 1.2.0
888 silly placeDep ROOT xdg-app-paths@5.5.1 OK for: @vercel/cli-config@0.2.0 want: 5
889 silly placeDep ROOT @vercel/cervel@0.1.29 OK for: @vercel/express@0.1.112 want: 0.1.29
890 silly placeDep node_modules/@vercel/express zod@3.22.4 OK for: @vercel/express@0.1.112 want: 3.22.4
891 silly placeDep node_modules/@vercel/hono zod@3.22.4 OK for: @vercel/hono@0.2.101 want: 3.22.4
892 silly fetch manifest rollup@^1.20.0||^2.0.0||^3.0.0||^4.0.0
893 silly packumentCache full:https://registry.npmjs.org/rollup cache-miss
894 http fetch GET 200 https://registry.npmjs.org/rollup 179ms (cache updated)
895 silly packumentCache full:https://registry.npmjs.org/rollup set size:undefined disposed:false
896 silly placeDep ROOT @mapbox/node-pre-gyp@2.0.3 OK for: @vercel/nft@1.10.0 want: ^2.0.0
897 silly placeDep ROOT @rollup/pluginutils@5.4.0 OK for: @vercel/nft@1.10.0 want: ^5.1.3
898 silly placeDep ROOT acorn@8.17.0 OK for: @vercel/nft@1.10.0 want: ^8.6.0
899 silly placeDep ROOT acorn-import-attributes@1.9.5 OK for: @vercel/nft@1.10.0 want: ^1.9.5
900 silly placeDep ROOT async-sema@3.1.1 OK for: @vercel/nft@1.10.0 want: ^3.1.1
901 silly placeDep ROOT bindings@1.5.0 OK for: @vercel/nft@1.10.0 want: ^1.4.0
902 silly placeDep ROOT estree-walker@2.0.2 OK for: @vercel/nft@1.10.0 want: 2.0.2
903 silly placeDep ROOT glob@13.0.6 OK for: @vercel/nft@1.10.0 want: ^13.0.0
904 silly placeDep ROOT graceful-fs@4.2.11 OK for: @vercel/nft@1.10.0 want: ^4.2.9
905 silly placeDep ROOT node-gyp-build@4.8.4 OK for: @vercel/nft@1.10.0 want: ^4.2.2
906 silly placeDep ROOT picomatch@4.0.4 OK for: @vercel/nft@1.10.0 want: ^4.0.2
907 silly placeDep ROOT resolve-from@5.0.0 OK for: @vercel/nft@1.10.0 want: ^5.0.0
908 silly fetch manifest nopt@^8.0.0
909 silly packumentCache full:https://registry.npmjs.org/nopt cache-miss
910 silly fetch manifest consola@^3.2.3
911 silly packumentCache full:https://registry.npmjs.org/consola cache-miss
912 silly fetch manifest detect-libc@^2.0.0
913 silly packumentCache full:https://registry.npmjs.org/detect-libc cache-miss
914 silly fetch manifest @types/estree@^1.0.0
915 silly packumentCache full:https://registry.npmjs.org/@types%2festree cache-miss
916 silly fetch manifest estree-walker@^2.0.2
917 silly packumentCache full:https://registry.npmjs.org/estree-walker cache-hit
918 silly fetch manifest file-uri-to-path@1.0.0
919 silly packumentCache full:https://registry.npmjs.org/file-uri-to-path cache-miss
920 silly fetch manifest minimatch@^10.2.2
921 silly packumentCache full:https://registry.npmjs.org/minimatch cache-hit
922 silly fetch manifest path-scurry@^2.0.2
923 silly packumentCache full:https://registry.npmjs.org/path-scurry cache-miss
924 http fetch GET 200 https://registry.npmjs.org/consola 70ms (cache revalidated)
925 silly packumentCache full:https://registry.npmjs.org/consola set size:324648 disposed:false
926 http fetch GET 200 https://registry.npmjs.org/detect-libc 86ms (cache revalidated)
927 silly packumentCache full:https://registry.npmjs.org/detect-libc set size:47861 disposed:false
928 http fetch GET 200 https://registry.npmjs.org/path-scurry 87ms (cache revalidated)
929 silly packumentCache full:https://registry.npmjs.org/path-scurry set size:117612 disposed:false
930 http fetch GET 200 https://registry.npmjs.org/file-uri-to-path 92ms (cache revalidated)
931 silly packumentCache full:https://registry.npmjs.org/file-uri-to-path set size:10154 disposed:false
932 http fetch GET 200 https://registry.npmjs.org/@types%2festree 98ms (cache revalidated)
933 silly packumentCache full:https://registry.npmjs.org/@types%2festree set size:76072 disposed:false
934 http fetch GET 200 https://registry.npmjs.org/nopt 107ms (cache updated)
935 silly packumentCache full:https://registry.npmjs.org/nopt set size:undefined disposed:false
936 silly placeDep ROOT consola@3.4.2 OK for: @mapbox/node-pre-gyp@2.0.3 want: ^3.2.3
937 silly placeDep ROOT detect-libc@2.1.2 OK for: @mapbox/node-pre-gyp@2.0.3 want: ^2.0.0
938 silly placeDep ROOT nopt@8.1.0 OK for: @mapbox/node-pre-gyp@2.0.3 want: ^8.0.0
939 silly fetch manifest abbrev@^3.0.0
940 silly packumentCache full:https://registry.npmjs.org/abbrev cache-miss
941 http fetch GET 200 https://registry.npmjs.org/abbrev 49ms (cache revalidated)
942 silly packumentCache full:https://registry.npmjs.org/abbrev set size:24244 disposed:false
943 silly placeDep ROOT @types/estree@1.0.9 OK for: @rollup/pluginutils@5.4.0 want: ^1.0.0
944 silly fetch manifest encoding@^0.1.0
945 silly packumentCache full:https://registry.npmjs.org/encoding cache-miss
946 http fetch GET 200 https://registry.npmjs.org/encoding 57ms (cache revalidated)
947 silly packumentCache full:https://registry.npmjs.org/encoding set size:17833 disposed:false
948 silly placeDep ROOT @edge-runtime/node-utils@2.3.0 OK for: @vercel/node@5.8.22 want: 2.3.0
949 silly placeDep ROOT @edge-runtime/primitives@4.1.0 OK for: @vercel/node@5.8.22 want: 4.1.0
950 silly placeDep ROOT @edge-runtime/vm@3.2.0 OK for: @vercel/node@5.8.22 want: 3.2.0
951 silly placeDep ROOT @types/node@20.11.0 OK for: @vercel/node@5.8.22 want: 20.11.0
952 silly placeDep ROOT @vercel/error-utils@2.2.0 OK for: @vercel/node@5.8.22 want: 2.2.0
953 silly placeDep node_modules/@vercel/node async-listen@3.0.0 OK for: @vercel/node@5.8.22 want: 3.0.0
954 silly placeDep ROOT edge-runtime@2.5.9 OK for: @vercel/node@5.8.22 want: 2.5.9
955 silly placeDep node_modules/@vercel/node es-module-lexer@1.4.1 OK for: @vercel/node@5.8.22 want: 1.4.1
956 silly placeDep ROOT etag@1.8.1 OK for: @vercel/node@5.8.22 want: 1.8.1
957 silly placeDep ROOT mime-types@2.1.35 OK for: @vercel/node@5.8.22 want: 2.1.35
958 silly placeDep node_modules/@vercel/node node-fetch@2.6.9 OK for: @vercel/node@5.8.22 want: 2.6.9
959 silly placeDep node_modules/@vercel/node path-to-regexp@6.1.0 OK for: @vercel/node@5.8.22 want: 6.1.0
960 silly placeDep ROOT path-to-regexp-updated@6.3.0 OK for: @vercel/node@5.8.22 want: npm:path-to-regexp@6.3.0
961 silly placeDep ROOT typescript@5.9.3 OK for: @vercel/node@5.8.22 want: npm:typescript@5.9.3
962 silly placeDep node_modules/@vercel/node undici@5.28.4 OK for: @vercel/node@5.8.22 want: 5.28.4
963 silly fetch manifest undici-types@~5.26.4
964 silly packumentCache full:https://registry.npmjs.org/undici-types cache-miss
965 silly fetch manifest mri@1.2.0
966 silly packumentCache full:https://registry.npmjs.org/mri cache-miss
967 silly fetch manifest pretty-ms@7.0.1
968 silly packumentCache full:https://registry.npmjs.org/pretty-ms cache-miss
969 silly fetch manifest time-span@4.0.0
970 silly packumentCache full:https://registry.npmjs.org/time-span cache-miss
971 silly fetch manifest picocolors@1.0.0
972 silly packumentCache full:https://registry.npmjs.org/picocolors cache-miss
973 silly fetch manifest signal-exit@4.0.2
974 silly packumentCache full:https://registry.npmjs.org/signal-exit cache-hit
975 silly fetch manifest async-listen@3.0.1
976 silly packumentCache full:https://registry.npmjs.org/async-listen cache-hit
977 silly fetch manifest @edge-runtime/format@2.2.1
978 silly packumentCache full:https://registry.npmjs.org/@edge-runtime%2fformat cache-miss
979 silly fetch manifest @edge-runtime/ponyfill@2.4.2
980 silly packumentCache full:https://registry.npmjs.org/@edge-runtime%2fponyfill cache-miss
981 silly fetch manifest mime-db@1.52.0
982 silly packumentCache full:https://registry.npmjs.org/mime-db cache-miss
983 http fetch GET 200 https://registry.npmjs.org/pretty-ms 67ms (cache revalidated)
984 silly packumentCache full:https://registry.npmjs.org/pretty-ms set size:61783 disposed:false
985 http fetch GET 200 https://registry.npmjs.org/time-span 76ms (cache revalidated)
986 silly packumentCache full:https://registry.npmjs.org/time-span set size:18816 disposed:false
987 http fetch GET 200 https://registry.npmjs.org/picocolors 78ms (cache revalidated)
988 silly packumentCache full:https://registry.npmjs.org/picocolors set size:16648 disposed:false
989 http fetch GET 200 https://registry.npmjs.org/mri 81ms (cache revalidated)
990 silly packumentCache full:https://registry.npmjs.org/mri set size:28195 disposed:false
991 http fetch GET 200 https://registry.npmjs.org/undici-types 85ms (cache updated)
992 silly packumentCache full:https://registry.npmjs.org/undici-types set size:undefined disposed:false
993 http fetch GET 200 https://registry.npmjs.org/mime-db 91ms (cache revalidated)
994 silly packumentCache full:https://registry.npmjs.org/mime-db set size:164953 disposed:false
995 http fetch GET 200 https://registry.npmjs.org/@edge-runtime%2fponyfill 99ms (cache revalidated)
996 silly packumentCache full:https://registry.npmjs.org/@edge-runtime%2fponyfill set size:65733 disposed:false
997 http fetch GET 200 https://registry.npmjs.org/@edge-runtime%2fformat 103ms (cache revalidated)
998 silly packumentCache full:https://registry.npmjs.org/@edge-runtime%2fformat set size:99857 disposed:false
999 silly placeDep ROOT undici-types@5.26.5 OK for: @types/node@20.11.0 want: ~5.26.4
1000 silly placeDep ROOT @bytecodealliance/preview2-shim@0.17.6 OK for: @vercel/python-analysis@0.11.1 want: 0.17.6
1001 silly placeDep ROOT @renovatebot/pep440@4.2.1 OK for: @vercel/python-analysis@0.11.1 want: 4.2.1
1002 silly placeDep node_modules/@vercel/python-analysis fs-extra@11.1.1 OK for: @vercel/python-analysis@0.11.1 want: 11.1.1
1003 silly placeDep ROOT js-yaml@4.1.1 OK for: @vercel/python-analysis@0.11.1 want: 4.1.1
1004 silly placeDep ROOT minimatch@10.1.1 OK for: @vercel/python-analysis@0.11.1 want: 10.1.1
1005 silly placeDep node_modules/@vercel/python-analysis zod@3.22.4 OK for: @vercel/python-analysis@0.11.1 want: 3.22.4
1006 silly fetch manifest argparse@^2.0.1
1007 silly packumentCache full:https://registry.npmjs.org/argparse cache-miss
1008 silly fetch manifest @isaacs/brace-expansion@^5.0.0
1009 silly packumentCache full:https://registry.npmjs.org/@isaacs%2fbrace-expansion cache-miss
1010 http fetch GET 200 https://registry.npmjs.org/@isaacs%2fbrace-expansion 94ms (cache revalidated)
1011 silly packumentCache full:https://registry.npmjs.org/@isaacs%2fbrace-expansion set size:7366 disposed:false
1012 http fetch GET 200 https://registry.npmjs.org/argparse 140ms (cache revalidated)
1013 silly packumentCache full:https://registry.npmjs.org/argparse set size:49266 disposed:false
1014 silly placeDep node_modules/@vercel/redwood semver@6.3.1 OK for: @vercel/redwood@2.5.0 want: 6.3.1
1015 silly placeDep node_modules/@vercel/remix-builder path-to-regexp@6.1.0 OK for: @vercel/remix-builder@5.9.1 want: 6.1.0
1016 silly placeDep node_modules/@vercel/rust execa@5.1.1 OK for: @vercel/rust@1.4.0 want: 5
1017 silly fetch manifest onetime@^5.1.2
1018 silly packumentCache full:https://registry.npmjs.org/onetime cache-hit
1019 silly fetch manifest get-stream@^6.0.0
1020 silly packumentCache full:https://registry.npmjs.org/get-stream cache-hit
1021 silly fetch manifest cross-spawn@^7.0.3
1022 silly packumentCache full:https://registry.npmjs.org/cross-spawn cache-hit
1023 silly fetch manifest signal-exit@^3.0.3
1024 silly packumentCache full:https://registry.npmjs.org/signal-exit cache-hit
1025 silly fetch manifest npm-run-path@^4.0.1
1026 silly packumentCache full:https://registry.npmjs.org/npm-run-path cache-hit
1027 silly fetch manifest human-signals@^2.1.0
1028 silly packumentCache full:https://registry.npmjs.org/human-signals cache-hit
1029 silly placeDep ROOT @vercel/gatsby-plugin-vercel-analytics@1.0.11 OK for: @vercel/static-build@2.11.4 want: 1.0.11
1030 silly placeDep ROOT @vercel/gatsby-plugin-vercel-builder@2.2.24 OK for: @vercel/static-build@2.11.4 want: 2.2.24
1031 silly fetch manifest web-vitals@0.2.4
1032 silly packumentCache full:https://registry.npmjs.org/web-vitals cache-miss
1033 silly fetch manifest @sinclair/typebox@0.25.24
1034 silly packumentCache full:https://registry.npmjs.org/@sinclair%2ftypebox cache-miss
1035 http fetch GET 200 https://registry.npmjs.org/@sinclair%2ftypebox 74ms (cache revalidated)
1036 silly packumentCache full:https://registry.npmjs.org/@sinclair%2ftypebox set size:1230117 disposed:false
1037 http fetch GET 200 https://registry.npmjs.org/web-vitals 97ms (cache updated)
1038 silly packumentCache full:https://registry.npmjs.org/web-vitals set size:undefined disposed:false
1039 silly placeDep ROOT web-vitals@0.2.4 OK for: @vercel/gatsby-plugin-vercel-analytics@1.0.11 want: 0.2.4
1040 silly placeDep ROOT @sinclair/typebox@0.25.24 OK for: @vercel/gatsby-plugin-vercel-builder@2.2.24 want: 0.25.24
1041 silly placeDep ROOT ajv@8.6.3 OK for: @vercel/static-config@3.4.0 want: 8.6.3
1042 silly placeDep ROOT json-schema-to-ts@1.6.4 OK for: @vercel/static-config@3.4.0 want: 1.6.4
1043 silly fetch manifest uri-js@^4.2.2
1044 silly packumentCache full:https://registry.npmjs.org/uri-js cache-miss
1045 silly fetch manifest fast-deep-equal@^3.1.1
1046 silly packumentCache full:https://registry.npmjs.org/fast-deep-equal cache-miss
1047 silly fetch manifest require-from-string@^2.0.2
1048 silly packumentCache full:https://registry.npmjs.org/require-from-string cache-miss
1049 silly fetch manifest json-schema-traverse@^1.0.0
1050 silly packumentCache full:https://registry.npmjs.org/json-schema-traverse cache-miss
1051 silly fetch manifest ts-toolbelt@^6.15.5
1052 silly packumentCache full:https://registry.npmjs.org/ts-toolbelt cache-miss
1053 silly fetch manifest @types/json-schema@^7.0.6
1054 silly packumentCache full:https://registry.npmjs.org/@types%2fjson-schema cache-miss
1055 http fetch GET 200 https://registry.npmjs.org/uri-js 93ms (cache revalidated)
1056 silly packumentCache full:https://registry.npmjs.org/uri-js set size:42559 disposed:false
1057 http fetch GET 200 https://registry.npmjs.org/json-schema-traverse 96ms (cache revalidated)
1058 silly packumentCache full:https://registry.npmjs.org/json-schema-traverse set size:23537 disposed:false
1059 http fetch GET 200 https://registry.npmjs.org/require-from-string 101ms (cache revalidated)
1060 silly packumentCache full:https://registry.npmjs.org/require-from-string set size:15128 disposed:false
1061 http fetch GET 200 https://registry.npmjs.org/fast-deep-equal 104ms (cache revalidated)
1062 silly packumentCache full:https://registry.npmjs.org/fast-deep-equal set size:48634 disposed:false
1063 http fetch GET 200 https://registry.npmjs.org/@types%2fjson-schema 111ms (cache revalidated)
1064 silly packumentCache full:https://registry.npmjs.org/@types%2fjson-schema set size:44704 disposed:false
1065 http fetch GET 200 https://registry.npmjs.org/ts-toolbelt 163ms (cache revalidated)
1066 silly packumentCache full:https://registry.npmjs.org/ts-toolbelt set size:10549005 disposed:false
1067 silly placeDep ROOT fast-deep-equal@3.1.3 OK for: ajv@8.6.3 want: ^3.1.1
1068 silly placeDep ROOT json-schema-traverse@1.0.0 OK for: ajv@8.6.3 want: ^1.0.0
1069 silly placeDep ROOT require-from-string@2.0.2 OK for: ajv@8.6.3 want: ^2.0.2
1070 silly placeDep ROOT uri-js@4.4.1 OK for: ajv@8.6.3 want: ^4.2.2
1071 silly fetch manifest punycode@^2.1.0
1072 silly packumentCache full:https://registry.npmjs.org/punycode cache-miss
1073 http fetch GET 200 https://registry.npmjs.org/punycode 58ms (cache revalidated)
1074 silly packumentCache full:https://registry.npmjs.org/punycode set size:61278 disposed:false
1075 silly placeDep ROOT retry@0.13.1 OK for: async-retry@1.3.3 want: 0.13.1
1076 silly placeDep ROOT file-uri-to-path@1.0.0 OK for: bindings@1.5.0 want: 1.0.0
1077 silly placeDep ROOT @edge-runtime/format@2.2.1 OK for: edge-runtime@2.5.9 want: 2.2.1
1078 silly placeDep ROOT @edge-runtime/ponyfill@2.4.2 OK for: edge-runtime@2.5.9 want: 2.4.2
1079 silly placeDep node_modules/edge-runtime async-listen@3.0.1 OK for: edge-runtime@2.5.9 want: 3.0.1
1080 silly placeDep ROOT mri@1.2.0 OK for: edge-runtime@2.5.9 want: 1.2.0
1081 silly placeDep ROOT picocolors@1.0.0 OK for: edge-runtime@2.5.9 want: 1.0.0
1082 silly placeDep ROOT pretty-ms@7.0.1 OK for: edge-runtime@2.5.9 want: 7.0.1
1083 silly placeDep ROOT signal-exit@4.0.2 OK for: edge-runtime@2.5.9 want: 4.0.2
1084 silly placeDep ROOT time-span@4.0.0 OK for: edge-runtime@2.5.9 want: 4.0.0
1085 silly fetch manifest parse-ms@^2.1.0
1086 silly packumentCache full:https://registry.npmjs.org/parse-ms cache-miss
1087 silly fetch manifest convert-hrtime@^3.0.0
1088 silly packumentCache full:https://registry.npmjs.org/convert-hrtime cache-miss
1089 http fetch GET 200 https://registry.npmjs.org/convert-hrtime 49ms (cache revalidated)
1090 silly packumentCache full:https://registry.npmjs.org/convert-hrtime set size:12856 disposed:false
1091 http fetch GET 200 https://registry.npmjs.org/parse-ms 57ms (cache revalidated)
1092 silly packumentCache full:https://registry.npmjs.org/parse-ms set size:18020 disposed:false
1093 silly placeDep ROOT @esbuild/aix-ppc64@0.27.0 OK for: esbuild@0.27.0 want: 0.27.0
1094 silly placeDep ROOT @esbuild/android-arm@0.27.0 OK for: esbuild@0.27.0 want: 0.27.0
1095 silly placeDep ROOT @esbuild/android-arm64@0.27.0 OK for: esbuild@0.27.0 want: 0.27.0
1096 silly placeDep ROOT @esbuild/android-x64@0.27.0 OK for: esbuild@0.27.0 want: 0.27.0
1097 silly placeDep ROOT @esbuild/darwin-arm64@0.27.0 OK for: esbuild@0.27.0 want: 0.27.0
1098 silly placeDep ROOT @esbuild/darwin-x64@0.27.0 OK for: esbuild@0.27.0 want: 0.27.0
1099 silly placeDep ROOT @esbuild/freebsd-arm64@0.27.0 OK for: esbuild@0.27.0 want: 0.27.0
1100 silly placeDep ROOT @esbuild/freebsd-x64@0.27.0 OK for: esbuild@0.27.0 want: 0.27.0
1101 silly placeDep ROOT @esbuild/linux-arm@0.27.0 OK for: esbuild@0.27.0 want: 0.27.0
1102 silly placeDep ROOT @esbuild/linux-arm64@0.27.0 OK for: esbuild@0.27.0 want: 0.27.0
1103 silly placeDep ROOT @esbuild/linux-ia32@0.27.0 OK for: esbuild@0.27.0 want: 0.27.0
1104 silly placeDep ROOT @esbuild/linux-loong64@0.27.0 OK for: esbuild@0.27.0 want: 0.27.0
1105 silly placeDep ROOT @esbuild/linux-mips64el@0.27.0 OK for: esbuild@0.27.0 want: 0.27.0
1106 silly placeDep ROOT @esbuild/linux-ppc64@0.27.0 OK for: esbuild@0.27.0 want: 0.27.0
1107 silly placeDep ROOT @esbuild/linux-riscv64@0.27.0 OK for: esbuild@0.27.0 want: 0.27.0
1108 silly placeDep ROOT @esbuild/linux-s390x@0.27.0 OK for: esbuild@0.27.0 want: 0.27.0
1109 silly placeDep ROOT @esbuild/linux-x64@0.27.0 OK for: esbuild@0.27.0 want: 0.27.0
1110 silly placeDep ROOT @esbuild/netbsd-arm64@0.27.0 OK for: esbuild@0.27.0 want: 0.27.0
1111 silly placeDep ROOT @esbuild/netbsd-x64@0.27.0 OK for: esbuild@0.27.0 want: 0.27.0
1112 silly placeDep ROOT @esbuild/openbsd-arm64@0.27.0 OK for: esbuild@0.27.0 want: 0.27.0
1113 silly placeDep ROOT @esbuild/openbsd-x64@0.27.0 OK for: esbuild@0.27.0 want: 0.27.0
1114 silly placeDep ROOT @esbuild/openharmony-arm64@0.27.0 OK for: esbuild@0.27.0 want: 0.27.0
1115 silly placeDep ROOT @esbuild/sunos-x64@0.27.0 OK for: esbuild@0.27.0 want: 0.27.0
1116 silly placeDep ROOT @esbuild/win32-arm64@0.27.0 OK for: esbuild@0.27.0 want: 0.27.0
1117 silly placeDep ROOT @esbuild/win32-ia32@0.27.0 OK for: esbuild@0.27.0 want: 0.27.0
1118 silly placeDep ROOT @esbuild/win32-x64@0.27.0 OK for: esbuild@0.27.0 want: 0.27.0
1119 silly placeDep ROOT cross-spawn@7.0.6 OK for: execa@3.2.0 want: ^7.0.0
1120 silly placeDep ROOT get-stream@5.2.0 OK for: execa@3.2.0 want: ^5.0.0
1121 silly placeDep ROOT human-signals@1.1.1 OK for: execa@3.2.0 want: ^1.1.1
1122 silly placeDep ROOT is-stream@2.0.1 OK for: execa@3.2.0 want: ^2.0.0
1123 silly placeDep ROOT merge-stream@2.0.0 OK for: execa@3.2.0 want: ^2.0.0
1124 silly placeDep ROOT npm-run-path@4.0.1 OK for: execa@3.2.0 want: ^4.0.0
1125 silly placeDep ROOT onetime@5.1.2 OK for: execa@3.2.0 want: ^5.1.0
1126 silly placeDep ROOT p-finally@2.0.1 OK for: execa@3.2.0 want: ^2.0.0
1127 silly placeDep node_modules/execa signal-exit@3.0.7 OK for: execa@3.2.0 want: ^3.0.2
1128 silly placeDep ROOT strip-final-newline@2.0.0 OK for: execa@3.2.0 want: ^2.0.0
1129 silly fetch manifest which@^2.0.1
1130 silly packumentCache full:https://registry.npmjs.org/which cache-miss
1131 silly fetch manifest path-key@^3.1.0
1132 silly packumentCache full:https://registry.npmjs.org/path-key cache-miss
1133 silly fetch manifest shebang-command@^2.0.0
1134 silly packumentCache full:https://registry.npmjs.org/shebang-command cache-miss
1135 silly fetch manifest pump@^3.0.0
1136 silly packumentCache full:https://registry.npmjs.org/pump cache-miss
1137 silly fetch manifest path-key@^3.0.0
1138 silly packumentCache full:https://registry.npmjs.org/path-key cache-miss
1139 silly fetch manifest mimic-fn@^2.1.0
1140 silly packumentCache full:https://registry.npmjs.org/mimic-fn cache-miss
1141 http fetch GET 200 https://registry.npmjs.org/which 61ms (cache revalidated)
1142 silly packumentCache full:https://registry.npmjs.org/which set size:70143 disposed:false
1143 http fetch GET 200 https://registry.npmjs.org/pump 70ms (cache revalidated)
1144 silly packumentCache full:https://registry.npmjs.org/pump set size:41178 disposed:false
1145 http fetch GET 200 https://registry.npmjs.org/path-key 72ms (cache revalidated)
1146 silly packumentCache full:https://registry.npmjs.org/path-key set size:16975 disposed:false
1147 http fetch GET 200 https://registry.npmjs.org/path-key 76ms (cache revalidated)
1148 silly packumentCache full:https://registry.npmjs.org/path-key set size:16975 disposed:false
1149 silly packumentCache full:https://registry.npmjs.org/path-key dispose
1150 http fetch GET 200 https://registry.npmjs.org/shebang-command 79ms (cache revalidated)
1151 silly packumentCache full:https://registry.npmjs.org/shebang-command set size:8525 disposed:false
1152 http fetch GET 200 https://registry.npmjs.org/mimic-fn 83ms (cache revalidated)
1153 silly packumentCache full:https://registry.npmjs.org/mimic-fn set size:22257 disposed:false
1154 silly placeDep ROOT path-key@3.1.1 OK for: cross-spawn@7.0.6 want: ^3.1.0
1155 silly placeDep ROOT shebang-command@2.0.0 OK for: cross-spawn@7.0.6 want: ^2.0.0
1156 silly placeDep ROOT which@2.0.2 OK for: cross-spawn@7.0.6 want: ^2.0.1
1157 silly fetch manifest shebang-regex@^3.0.0
1158 silly packumentCache full:https://registry.npmjs.org/shebang-regex cache-miss
1159 silly fetch manifest isexe@^2.0.0
1160 silly packumentCache full:https://registry.npmjs.org/isexe cache-miss
1161 http fetch GET 200 https://registry.npmjs.org/shebang-regex 62ms (cache revalidated)
1162 silly packumentCache full:https://registry.npmjs.org/shebang-regex set size:9763 disposed:false
1163 http fetch GET 200 https://registry.npmjs.org/isexe 63ms (cache revalidated)
1164 silly packumentCache full:https://registry.npmjs.org/isexe set size:31756 disposed:false
1165 silly placeDep ROOT jsonfile@6.2.1 OK for: fs-extra@11.1.0 want: ^6.0.1
1166 silly placeDep ROOT universalify@2.0.1 OK for: fs-extra@11.1.0 want: ^2.0.0
1167 silly placeDep ROOT pump@3.0.4 OK for: get-stream@5.2.0 want: ^3.0.0
1168 silly fetch manifest end-of-stream@^1.1.0
1169 silly packumentCache full:https://registry.npmjs.org/end-of-stream cache-miss
1170 silly fetch manifest once@^1.3.1
1171 silly packumentCache full:https://registry.npmjs.org/once cache-miss
1172 http fetch GET 200 https://registry.npmjs.org/end-of-stream 55ms (cache revalidated)
1173 silly packumentCache full:https://registry.npmjs.org/end-of-stream set size:27842 disposed:false
1174 http fetch GET 200 https://registry.npmjs.org/once 57ms (cache revalidated)
1175 silly packumentCache full:https://registry.npmjs.org/once set size:11752 disposed:false
1176 silly placeDep node_modules/glob minimatch@10.2.5 OK for: glob@13.0.6 want: ^10.2.2
1177 silly placeDep ROOT path-scurry@2.0.2 OK for: glob@13.0.6 want: ^2.0.2
1178 silly fetch manifest brace-expansion@^5.0.5
1179 silly packumentCache full:https://registry.npmjs.org/brace-expansion cache-miss
1180 silly fetch manifest lru-cache@^11.0.0
1181 silly packumentCache full:https://registry.npmjs.org/lru-cache cache-miss
1182 http fetch GET 200 https://registry.npmjs.org/brace-expansion 66ms (cache updated)
1183 silly packumentCache full:https://registry.npmjs.org/brace-expansion set size:undefined disposed:false
1184 http fetch GET 200 https://registry.npmjs.org/lru-cache 83ms (cache updated)
1185 silly packumentCache full:https://registry.npmjs.org/lru-cache set size:undefined disposed:false
1186 silly placeDep ROOT argparse@2.0.1 OK for: js-yaml@4.1.1 want: ^2.0.1
1187 silly placeDep ROOT @types/json-schema@7.0.15 OK for: json-schema-to-ts@1.6.4 want: ^7.0.6
1188 silly placeDep ROOT ts-toolbelt@6.15.5 OK for: json-schema-to-ts@1.6.4 want: ^6.15.5
1189 silly placeDep ROOT mime-db@1.52.0 OK for: mime-types@2.1.35 want: 1.52.0
1190 silly placeDep ROOT @isaacs/brace-expansion@5.0.1 OK for: minimatch@10.1.1 want: ^5.0.0
1191 silly fetch manifest @isaacs/balanced-match@^4.0.1
1192 silly packumentCache full:https://registry.npmjs.org/@isaacs%2fbalanced-match cache-miss
1193 http fetch GET 200 https://registry.npmjs.org/@isaacs%2fbalanced-match 436ms (cache revalidated)
1194 silly packumentCache full:https://registry.npmjs.org/@isaacs%2fbalanced-match set size:7823 disposed:false
1195 silly placeDep ROOT @isaacs/balanced-match@4.0.1 OK for: @isaacs/brace-expansion@5.0.1 want: ^4.0.1
1196 silly placeDep ROOT abbrev@3.0.1 OK for: nopt@8.1.0 want: ^3.0.0
1197 silly placeDep ROOT mimic-fn@2.1.0 OK for: onetime@5.1.2 want: ^2.1.0
1198 silly placeDep ROOT define-lazy-prop@2.0.0 OK for: open@8.4.0 want: ^2.0.0
1199 silly placeDep ROOT is-docker@2.2.1 OK for: open@8.4.0 want: ^2.1.1
1200 silly placeDep ROOT is-wsl@2.2.0 OK for: open@8.4.0 want: ^2.2.0
1201 silly placeDep ROOT @oxc-transform/binding-android-arm-eabi@0.111.0 OK for: oxc-transform@0.111.0 want: 0.111.0
1202 silly placeDep ROOT @oxc-transform/binding-android-arm64@0.111.0 OK for: oxc-transform@0.111.0 want: 0.111.0
1203 silly placeDep ROOT @oxc-transform/binding-darwin-arm64@0.111.0 OK for: oxc-transform@0.111.0 want: 0.111.0
1204 silly placeDep ROOT @oxc-transform/binding-darwin-x64@0.111.0 OK for: oxc-transform@0.111.0 want: 0.111.0
1205 silly placeDep ROOT @oxc-transform/binding-freebsd-x64@0.111.0 OK for: oxc-transform@0.111.0 want: 0.111.0
1206 silly placeDep ROOT @oxc-transform/binding-linux-arm-gnueabihf@0.111.0 OK for: oxc-transform@0.111.0 want: 0.111.0
1207 silly placeDep ROOT @oxc-transform/binding-linux-arm-musleabihf@0.111.0 OK for: oxc-transform@0.111.0 want: 0.111.0
1208 silly placeDep ROOT @oxc-transform/binding-linux-arm64-gnu@0.111.0 OK for: oxc-transform@0.111.0 want: 0.111.0
1209 silly placeDep ROOT @oxc-transform/binding-linux-arm64-musl@0.111.0 OK for: oxc-transform@0.111.0 want: 0.111.0
1210 silly placeDep ROOT @oxc-transform/binding-linux-ppc64-gnu@0.111.0 OK for: oxc-transform@0.111.0 want: 0.111.0
1211 silly placeDep ROOT @oxc-transform/binding-linux-riscv64-gnu@0.111.0 OK for: oxc-transform@0.111.0 want: 0.111.0
1212 silly placeDep ROOT @oxc-transform/binding-linux-riscv64-musl@0.111.0 OK for: oxc-transform@0.111.0 want: 0.111.0
1213 silly placeDep ROOT @oxc-transform/binding-linux-s390x-gnu@0.111.0 OK for: oxc-transform@0.111.0 want: 0.111.0
1214 silly placeDep ROOT @oxc-transform/binding-linux-x64-gnu@0.111.0 OK for: oxc-transform@0.111.0 want: 0.111.0
1215 silly placeDep ROOT @oxc-transform/binding-linux-x64-musl@0.111.0 OK for: oxc-transform@0.111.0 want: 0.111.0
1216 silly placeDep ROOT @oxc-transform/binding-openharmony-arm64@0.111.0 OK for: oxc-transform@0.111.0 want: 0.111.0
1217 silly placeDep ROOT @oxc-transform/binding-wasm32-wasi@0.111.0 OK for: oxc-transform@0.111.0 want: 0.111.0
1218 silly placeDep ROOT @oxc-transform/binding-win32-arm64-msvc@0.111.0 OK for: oxc-transform@0.111.0 want: 0.111.0
1219 silly placeDep ROOT @oxc-transform/binding-win32-ia32-msvc@0.111.0 OK for: oxc-transform@0.111.0 want: 0.111.0
1220 silly placeDep ROOT @oxc-transform/binding-win32-x64-msvc@0.111.0 OK for: oxc-transform@0.111.0 want: 0.111.0
1221 silly fetch manifest @napi-rs/wasm-runtime@^1.1.1
1222 silly packumentCache full:https://registry.npmjs.org/@napi-rs%2fwasm-runtime cache-miss
1223 http fetch GET 200 https://registry.npmjs.org/@napi-rs%2fwasm-runtime 81ms (cache updated)
1224 silly packumentCache full:https://registry.npmjs.org/@napi-rs%2fwasm-runtime set size:undefined disposed:false
1225 silly fetch manifest @emnapi/core@^1.7.1
1226 silly packumentCache full:https://registry.npmjs.org/@emnapi%2fcore cache-miss
1227 http fetch GET 200 https://registry.npmjs.org/@emnapi%2fcore 87ms (cache updated)
1228 silly packumentCache full:https://registry.npmjs.org/@emnapi%2fcore set size:undefined disposed:false
1229 silly fetch manifest @emnapi/runtime@^1.7.1
1230 silly packumentCache full:https://registry.npmjs.org/@emnapi%2fruntime cache-miss
1231 http fetch GET 200 https://registry.npmjs.org/@emnapi%2fruntime 83ms (cache updated)
1232 silly packumentCache full:https://registry.npmjs.org/@emnapi%2fruntime set size:undefined disposed:false
1233 silly placeDep ROOT @napi-rs/wasm-runtime@1.1.6 OK for: @oxc-transform/binding-wasm32-wasi@0.111.0 want: ^1.1.1
1234 silly placeDep ROOT @emnapi/core@1.11.1 OK for: @napi-rs/wasm-runtime@1.1.6 want: ^1.7.1
1235 silly placeDep ROOT @emnapi/runtime@1.11.1 OK for: @napi-rs/wasm-runtime@1.1.6 want: ^1.7.1
1236 silly fetch manifest @tybys/wasm-util@^0.10.3
1237 silly packumentCache full:https://registry.npmjs.org/@tybys%2fwasm-util cache-miss
1238 silly fetch manifest @emnapi/wasi-threads@1.2.2
1239 silly packumentCache full:https://registry.npmjs.org/@emnapi%2fwasi-threads cache-miss
1240 http fetch GET 200 https://registry.npmjs.org/@emnapi%2fwasi-threads 85ms (cache updated)
1241 silly packumentCache full:https://registry.npmjs.org/@emnapi%2fwasi-threads set size:undefined disposed:false
1242 http fetch GET 200 https://registry.npmjs.org/@tybys%2fwasm-util 93ms (cache updated)
1243 silly packumentCache full:https://registry.npmjs.org/@tybys%2fwasm-util set size:undefined disposed:false
1244 silly placeDep ROOT @emnapi/wasi-threads@1.2.2 OK for: @emnapi/core@1.11.1 want: 1.2.2
1245 silly placeDep ROOT @tybys/wasm-util@0.10.3 OK for: @napi-rs/wasm-runtime@1.1.6 want: ^0.10.3
1246 silly placeDep ROOT lru-cache@11.5.1 OK for: path-scurry@2.0.2 want: ^11.0.0
1247 silly placeDep ROOT parse-ms@2.1.0 OK for: pretty-ms@7.0.1 want: ^2.1.0
1248 silly placeDep ROOT end-of-stream@1.4.5 OK for: pump@3.0.4 want: ^1.1.0
1249 silly placeDep ROOT once@1.4.0 OK for: pump@3.0.4 want: ^1.3.1
1250 silly fetch manifest once@^1.4.0
1251 silly packumentCache full:https://registry.npmjs.org/once cache-hit
1252 silly placeDep ROOT @oxc-project/types@0.110.0 OK for: rolldown@1.0.0-rc.1 want: =0.110.0
1253 silly placeDep ROOT @rolldown/binding-android-arm64@1.0.0-rc.1 OK for: rolldown@1.0.0-rc.1 want: 1.0.0-rc.1
1254 silly placeDep ROOT @rolldown/binding-darwin-arm64@1.0.0-rc.1 OK for: rolldown@1.0.0-rc.1 want: 1.0.0-rc.1
1255 silly placeDep ROOT @rolldown/binding-darwin-x64@1.0.0-rc.1 OK for: rolldown@1.0.0-rc.1 want: 1.0.0-rc.1
1256 silly placeDep ROOT @rolldown/binding-freebsd-x64@1.0.0-rc.1 OK for: rolldown@1.0.0-rc.1 want: 1.0.0-rc.1
1257 silly placeDep ROOT @rolldown/binding-linux-arm-gnueabihf@1.0.0-rc.1 OK for: rolldown@1.0.0-rc.1 want: 1.0.0-rc.1
1258 silly placeDep ROOT @rolldown/binding-linux-arm64-gnu@1.0.0-rc.1 OK for: rolldown@1.0.0-rc.1 want: 1.0.0-rc.1
1259 silly placeDep ROOT @rolldown/binding-linux-arm64-musl@1.0.0-rc.1 OK for: rolldown@1.0.0-rc.1 want: 1.0.0-rc.1
1260 silly placeDep ROOT @rolldown/binding-linux-x64-gnu@1.0.0-rc.1 OK for: rolldown@1.0.0-rc.1 want: 1.0.0-rc.1
1261 silly placeDep ROOT @rolldown/binding-linux-x64-musl@1.0.0-rc.1 OK for: rolldown@1.0.0-rc.1 want: 1.0.0-rc.1
1262 silly placeDep ROOT @rolldown/binding-openharmony-arm64@1.0.0-rc.1 OK for: rolldown@1.0.0-rc.1 want: 1.0.0-rc.1
1263 silly placeDep ROOT @rolldown/binding-wasm32-wasi@1.0.0-rc.1 OK for: rolldown@1.0.0-rc.1 want: 1.0.0-rc.1
1264 silly placeDep ROOT @rolldown/binding-win32-arm64-msvc@1.0.0-rc.1 OK for: rolldown@1.0.0-rc.1 want: 1.0.0-rc.1
1265 silly placeDep ROOT @rolldown/binding-win32-x64-msvc@1.0.0-rc.1 OK for: rolldown@1.0.0-rc.1 want: 1.0.0-rc.1
1266 silly placeDep ROOT @rolldown/pluginutils@1.0.0-rc.1 OK for: rolldown@1.0.0-rc.1 want: 1.0.0-rc.1
1267 silly placeDep ROOT @vercel/sandbox@2.1.1 OK for: sandbox@3.1.2 want: 2.1.1
1268 silly placeDep node_modules/sandbox debug@4.4.3 OK for: sandbox@3.1.2 want: ^4.4.1
1269 silly fetch manifest ms@2.1.3
1270 silly packumentCache full:https://registry.npmjs.org/ms cache-miss
1271 silly fetch manifest zod@3.24.4
1272 silly packumentCache full:https://registry.npmjs.org/zod cache-miss
1273 silly fetch manifest jose@6.2.3
1274 silly packumentCache full:https://registry.npmjs.org/jose cache-miss
1275 silly fetch manifest undici@^7.27.1
1276 silly packumentCache full:https://registry.npmjs.org/undici cache-miss
1277 silly fetch manifest jsonlines@0.1.1
1278 silly packumentCache full:https://registry.npmjs.org/jsonlines cache-miss
1279 silly fetch manifest picocolors@^1.1.1
1280 silly packumentCache full:https://registry.npmjs.org/picocolors cache-hit
1281 silly fetch manifest tar-stream@3.1.7
1282 silly packumentCache full:https://registry.npmjs.org/tar-stream cache-miss
1283 silly fetch manifest @vercel/oidc@3.2.0
1284 silly packumentCache full:https://registry.npmjs.org/@vercel%2foidc cache-miss
1285 silly fetch manifest xdg-app-paths@5.1.0
1286 silly packumentCache full:https://registry.npmjs.org/xdg-app-paths cache-hit
1287 silly fetch manifest @workflow/serde@4.1.0-beta.2
1288 silly packumentCache full:https://registry.npmjs.org/@workflow%2fserde cache-miss
1289 silly fetch manifest ms@^2.1.3
1290 silly packumentCache full:https://registry.npmjs.org/ms cache-miss
1291 http cache https://registry.npmjs.org/undici 44ms (cache hit)
1292 silly packumentCache full:https://registry.npmjs.org/undici set size:1490510 disposed:false
1293 http cache https://registry.npmjs.org/zod 108ms (cache hit)
1294 silly packumentCache full:https://registry.npmjs.org/zod set size:3552562 disposed:false
1295 http fetch GET 200 https://registry.npmjs.org/ms 167ms (cache revalidated)
1296 silly packumentCache full:https://registry.npmjs.org/ms set size:92208 disposed:false
1297 http fetch GET 200 https://registry.npmjs.org/tar-stream 167ms (cache revalidated)
1298 silly packumentCache full:https://registry.npmjs.org/tar-stream set size:137875 disposed:false
1299 http fetch GET 200 https://registry.npmjs.org/jose 178ms (cache revalidated)
1300 silly packumentCache full:https://registry.npmjs.org/jose set size:1413195 disposed:false
1301 http fetch GET 200 https://registry.npmjs.org/ms 204ms (cache revalidated)
1302 silly packumentCache full:https://registry.npmjs.org/ms set size:92208 disposed:false
1303 silly packumentCache full:https://registry.npmjs.org/ms dispose
1304 http fetch GET 200 https://registry.npmjs.org/@workflow%2fserde 207ms (cache miss)
1305 silly packumentCache full:https://registry.npmjs.org/@workflow%2fserde set size:undefined disposed:false
1306 http fetch GET 200 https://registry.npmjs.org/jsonlines 212ms (cache revalidated)
1307 silly packumentCache full:https://registry.npmjs.org/jsonlines set size:5449 disposed:false
1308 http fetch GET 200 https://registry.npmjs.org/@vercel%2foidc 223ms (cache updated)
1309 silly packumentCache full:https://registry.npmjs.org/@vercel%2foidc set size:undefined disposed:false
1310 silly placeDep ROOT @vercel/oidc@3.2.0 OK for: @vercel/sandbox@2.1.1 want: 3.2.0
1311 silly placeDep ROOT @workflow/serde@4.1.0-beta.2 OK for: @vercel/sandbox@2.1.1 want: 4.1.0-beta.2
1312 silly placeDep node_modules/@vercel/sandbox jose@6.2.3 OK for: @vercel/sandbox@2.1.1 want: 6.2.3
1313 silly placeDep ROOT jsonlines@0.1.1 OK for: @vercel/sandbox@2.1.1 want: 0.1.1
1314 silly placeDep node_modules/@vercel/sandbox ms@2.1.3 OK for: @vercel/sandbox@2.1.1 want: 2.1.3
1315 silly placeDep node_modules/@vercel/sandbox picocolors@1.1.1 OK for: @vercel/sandbox@2.1.1 want: ^1.1.1
1316 silly placeDep ROOT tar-stream@3.1.7 OK for: @vercel/sandbox@2.1.1 want: 3.1.7
1317 silly placeDep node_modules/@vercel/sandbox undici@7.28.0 OK for: @vercel/sandbox@2.1.1 want: ^7.27.1
1318 silly placeDep node_modules/@vercel/sandbox xdg-app-paths@5.1.0 OK for: @vercel/sandbox@2.1.1 want: 5.1.0
1319 silly placeDep node_modules/@vercel/sandbox zod@3.24.4 OK for: @vercel/sandbox@2.1.1 want: 3.24.4
1320 silly fetch manifest b4a@^1.6.4
1321 silly packumentCache full:https://registry.npmjs.org/b4a cache-miss
1322 silly fetch manifest streamx@^2.15.0
1323 silly packumentCache full:https://registry.npmjs.org/streamx cache-miss
1324 silly fetch manifest fast-fifo@^1.2.0
1325 silly packumentCache full:https://registry.npmjs.org/fast-fifo cache-miss
1326 http fetch GET 200 https://registry.npmjs.org/b4a 59ms (cache revalidated)
1327 silly packumentCache full:https://registry.npmjs.org/b4a set size:71632 disposed:false
1328 http fetch GET 200 https://registry.npmjs.org/fast-fifo 63ms (cache revalidated)
1329 silly packumentCache full:https://registry.npmjs.org/fast-fifo set size:13855 disposed:false
1330 http fetch GET 200 https://registry.npmjs.org/streamx 324ms (cache updated)
1331 silly packumentCache full:https://registry.npmjs.org/streamx set size:undefined disposed:false
1332 silly placeDep ROOT shebang-regex@3.0.0 OK for: shebang-command@2.0.0 want: ^3.0.0
1333 silly fetch manifest react-native-b4a@*
1334 silly packumentCache full:https://registry.npmjs.org/react-native-b4a cache-miss
1335 http fetch GET 200 https://registry.npmjs.org/react-native-b4a 66ms (cache revalidated)
1336 silly packumentCache full:https://registry.npmjs.org/react-native-b4a set size:12027 disposed:false
1337 silly fetch manifest react@*
1338 silly packumentCache full:https://registry.npmjs.org/react cache-miss
1339 http fetch GET 200 https://registry.npmjs.org/react 213ms (cache updated)
1340 silly packumentCache full:https://registry.npmjs.org/react set size:undefined disposed:false
1341 silly fetch manifest react-native@*
1342 silly packumentCache full:https://registry.npmjs.org/react-native cache-miss
1343 http fetch GET 200 https://registry.npmjs.org/react-native 314ms (cache updated)
1344 silly packumentCache full:https://registry.npmjs.org/react-native set size:undefined disposed:false
1345 silly fetch manifest @react-native/jest-preset@0.86.0
1346 silly packumentCache full:https://registry.npmjs.org/@react-native%2fjest-preset cache-miss
1347 http fetch GET 200 https://registry.npmjs.org/@react-native%2fjest-preset 329ms (cache updated)
1348 silly packumentCache full:https://registry.npmjs.org/@react-native%2fjest-preset set size:undefined disposed:false
1349 silly fetch manifest @types/react@^19.1.1
1350 silly packumentCache full:https://registry.npmjs.org/@types%2freact cache-miss
1351 http fetch GET 200 https://registry.npmjs.org/@types%2freact 857ms (cache updated)
1352 silly packumentCache full:https://registry.npmjs.org/@types%2freact set size:undefined disposed:false
1353 silly placeDep ROOT b4a@1.8.1 OK for: tar-stream@3.1.7 want: ^1.6.4
1354 silly placeDep ROOT fast-fifo@1.3.2 OK for: tar-stream@3.1.7 want: ^1.2.0
1355 silly placeDep ROOT streamx@2.28.0 OK for: tar-stream@3.1.7 want: ^2.15.0
1356 silly fetch manifest events-universal@^1.0.0
1357 silly packumentCache full:https://registry.npmjs.org/events-universal cache-miss
1358 silly fetch manifest text-decoder@^1.1.0
1359 silly packumentCache full:https://registry.npmjs.org/text-decoder cache-miss
1360 http fetch GET 200 https://registry.npmjs.org/text-decoder 54ms (cache revalidated)
1361 silly packumentCache full:https://registry.npmjs.org/text-decoder set size:22264 disposed:false
1362 http fetch GET 200 https://registry.npmjs.org/events-universal 60ms (cache revalidated)
1363 silly packumentCache full:https://registry.npmjs.org/events-universal set size:4251 disposed:false
1364 silly placeDep ROOT events-universal@1.0.1 OK for: streamx@2.28.0 want: ^1.0.0
1365 silly placeDep ROOT text-decoder@1.2.7 OK for: streamx@2.28.0 want: ^1.1.0
1366 silly fetch manifest bare-events@^2.7.0
1367 silly packumentCache full:https://registry.npmjs.org/bare-events cache-miss
1368 http fetch GET 200 https://registry.npmjs.org/bare-events 66ms (cache updated)
1369 silly packumentCache full:https://registry.npmjs.org/bare-events set size:undefined disposed:false
1370 silly fetch manifest bare-abort-controller@*
1371 silly packumentCache full:https://registry.npmjs.org/bare-abort-controller cache-miss
1372 http fetch GET 200 https://registry.npmjs.org/bare-abort-controller 60ms (cache revalidated)
1373 silly packumentCache full:https://registry.npmjs.org/bare-abort-controller set size:11265 disposed:false
1374 silly placeDep ROOT bare-events@2.9.1 OK for: events-universal@1.0.1 want: ^2.7.0
1375 silly placeDep ROOT convert-hrtime@3.0.0 OK for: time-span@4.0.0 want: ^3.0.0
1376 silly placeDep ROOT @ts-morph/common@0.11.1 OK for: ts-morph@12.0.0 want: ~0.11.0
1377 silly placeDep ROOT code-block-writer@10.1.1 OK for: ts-morph@12.0.0 want: ^10.1.1
1378 silly fetch manifest mkdirp@^1.0.4
1379 silly packumentCache full:https://registry.npmjs.org/mkdirp cache-miss
1380 silly fetch manifest fast-glob@^3.2.7
1381 silly packumentCache full:https://registry.npmjs.org/fast-glob cache-miss
1382 silly fetch manifest minimatch@^3.0.4
1383 silly packumentCache full:https://registry.npmjs.org/minimatch cache-hit
1384 silly fetch manifest path-browserify@^1.0.1
1385 silly packumentCache full:https://registry.npmjs.org/path-browserify cache-miss
1386 http fetch GET 200 https://registry.npmjs.org/mkdirp 66ms (cache revalidated)
1387 silly packumentCache full:https://registry.npmjs.org/mkdirp set size:116431 disposed:false
1388 http fetch GET 200 https://registry.npmjs.org/path-browserify 71ms (cache revalidated)
1389 silly packumentCache full:https://registry.npmjs.org/path-browserify set size:17399 disposed:false
1390 http fetch GET 200 https://registry.npmjs.org/fast-glob 76ms (cache revalidated)
1391 silly packumentCache full:https://registry.npmjs.org/fast-glob set size:220556 disposed:false
1392 silly placeDep ROOT fast-glob@3.3.3 OK for: @ts-morph/common@0.11.1 want: ^3.2.7
1393 silly placeDep node_modules/@ts-morph/common minimatch@3.1.5 OK for: @ts-morph/common@0.11.1 want: ^3.0.4
1394 silly placeDep ROOT mkdirp@1.0.4 OK for: @ts-morph/common@0.11.1 want: ^1.0.4
1395 silly placeDep ROOT path-browserify@1.0.1 OK for: @ts-morph/common@0.11.1 want: ^1.0.1
1396 silly fetch manifest @nodelib/fs.stat@^2.0.2
1397 silly packumentCache full:https://registry.npmjs.org/@nodelib%2ffs.stat cache-miss
1398 silly fetch manifest @nodelib/fs.walk@^1.2.3
1399 silly packumentCache full:https://registry.npmjs.org/@nodelib%2ffs.walk cache-miss
1400 silly fetch manifest glob-parent@^5.1.2
1401 silly packumentCache full:https://registry.npmjs.org/glob-parent cache-miss
1402 silly fetch manifest merge2@^1.3.0
1403 silly packumentCache full:https://registry.npmjs.org/merge2 cache-miss
1404 silly fetch manifest micromatch@^4.0.8
1405 silly packumentCache full:https://registry.npmjs.org/micromatch cache-miss
1406 silly fetch manifest brace-expansion@^1.1.7
1407 silly packumentCache full:https://registry.npmjs.org/brace-expansion cache-miss
1408 http cache https://registry.npmjs.org/brace-expansion 25ms (cache hit)
1409 silly packumentCache full:https://registry.npmjs.org/brace-expansion set size:77035 disposed:false
1410 http fetch GET 200 https://registry.npmjs.org/glob-parent 58ms (cache revalidated)
1411 silly packumentCache full:https://registry.npmjs.org/glob-parent set size:42445 disposed:false
1412 http fetch GET 200 https://registry.npmjs.org/merge2 60ms (cache revalidated)
1413 silly packumentCache full:https://registry.npmjs.org/merge2 set size:46159 disposed:false
1414 http fetch GET 200 https://registry.npmjs.org/@nodelib%2ffs.walk 74ms (cache revalidated)
1415 silly packumentCache full:https://registry.npmjs.org/@nodelib%2ffs.walk set size:41589 disposed:false
1416 http fetch GET 200 https://registry.npmjs.org/micromatch 77ms (cache revalidated)
1417 silly packumentCache full:https://registry.npmjs.org/micromatch set size:240630 disposed:false
1418 http fetch GET 200 https://registry.npmjs.org/@nodelib%2ffs.stat 92ms (cache revalidated)
1419 silly packumentCache full:https://registry.npmjs.org/@nodelib%2ffs.stat set size:36993 disposed:false
1420 silly placeDep ROOT @nodelib/fs.stat@2.0.5 OK for: fast-glob@3.3.3 want: ^2.0.2
1421 silly placeDep ROOT @nodelib/fs.walk@1.2.8 OK for: fast-glob@3.3.3 want: ^1.2.3
1422 silly placeDep ROOT glob-parent@5.1.2 OK for: fast-glob@3.3.3 want: ^5.1.2
1423 silly placeDep ROOT merge2@1.4.1 OK for: fast-glob@3.3.3 want: ^1.3.0
1424 silly placeDep ROOT micromatch@4.0.8 OK for: fast-glob@3.3.3 want: ^4.0.8
1425 silly fetch manifest fastq@^1.6.0
1426 silly packumentCache full:https://registry.npmjs.org/fastq cache-miss
1427 silly fetch manifest @nodelib/fs.scandir@2.1.5
1428 silly packumentCache full:https://registry.npmjs.org/@nodelib%2ffs.scandir cache-miss
1429 silly fetch manifest is-glob@^4.0.1
1430 silly packumentCache full:https://registry.npmjs.org/is-glob cache-miss
1431 silly fetch manifest braces@^3.0.3
1432 silly packumentCache full:https://registry.npmjs.org/braces cache-miss
1433 silly fetch manifest picomatch@^2.3.1
1434 silly packumentCache full:https://registry.npmjs.org/picomatch cache-hit
1435 http fetch GET 200 https://registry.npmjs.org/fastq 66ms (cache revalidated)
1436 silly packumentCache full:https://registry.npmjs.org/fastq set size:78301 disposed:false
1437 http fetch GET 200 https://registry.npmjs.org/braces 68ms (cache revalidated)
1438 silly packumentCache full:https://registry.npmjs.org/braces set size:114529 disposed:false
1439 http fetch GET 200 https://registry.npmjs.org/is-glob 77ms (cache revalidated)
1440 silly packumentCache full:https://registry.npmjs.org/is-glob set size:40530 disposed:false
1441 http fetch GET 200 https://registry.npmjs.org/@nodelib%2ffs.scandir 85ms (cache revalidated)
1442 silly packumentCache full:https://registry.npmjs.org/@nodelib%2ffs.scandir set size:49256 disposed:false
1443 silly placeDep ROOT @nodelib/fs.scandir@2.1.5 OK for: @nodelib/fs.walk@1.2.8 want: 2.1.5
1444 silly placeDep ROOT fastq@1.20.1 OK for: @nodelib/fs.walk@1.2.8 want: ^1.6.0
1445 silly fetch manifest run-parallel@^1.1.9
1446 silly packumentCache full:https://registry.npmjs.org/run-parallel cache-miss
1447 silly fetch manifest reusify@^1.0.4
1448 silly packumentCache full:https://registry.npmjs.org/reusify cache-miss
1449 http fetch GET 200 https://registry.npmjs.org/reusify 55ms (cache revalidated)
1450 silly packumentCache full:https://registry.npmjs.org/reusify set size:14249 disposed:false
1451 http fetch GET 200 https://registry.npmjs.org/run-parallel 58ms (cache revalidated)
1452 silly packumentCache full:https://registry.npmjs.org/run-parallel set size:35172 disposed:false
1453 silly placeDep ROOT run-parallel@1.2.0 OK for: @nodelib/fs.scandir@2.1.5 want: ^1.1.9
1454 silly fetch manifest queue-microtask@^1.2.2
1455 silly packumentCache full:https://registry.npmjs.org/queue-microtask cache-miss
1456 http fetch GET 200 https://registry.npmjs.org/queue-microtask 58ms (cache revalidated)
1457 silly packumentCache full:https://registry.npmjs.org/queue-microtask set size:36088 disposed:false
1458 silly placeDep ROOT reusify@1.1.0 OK for: fastq@1.20.1 want: ^1.0.4
1459 silly placeDep ROOT is-glob@4.0.3 OK for: glob-parent@5.1.2 want: ^4.0.1
1460 silly fetch manifest is-extglob@^2.1.1
1461 silly packumentCache full:https://registry.npmjs.org/is-extglob cache-miss
1462 http fetch GET 200 https://registry.npmjs.org/is-extglob 55ms (cache revalidated)
1463 silly packumentCache full:https://registry.npmjs.org/is-extglob set size:11766 disposed:false
1464 silly placeDep ROOT is-extglob@2.1.1 OK for: is-glob@4.0.3 want: ^2.1.1
1465 silly placeDep ROOT braces@3.0.3 OK for: micromatch@4.0.8 want: ^3.0.3
1466 silly placeDep node_modules/micromatch picomatch@2.3.2 OK for: micromatch@4.0.8 want: ^2.3.1
1467 silly fetch manifest fill-range@^7.1.1
1468 silly packumentCache full:https://registry.npmjs.org/fill-range cache-miss
1469 http fetch GET 200 https://registry.npmjs.org/fill-range 65ms (cache updated)
1470 silly packumentCache full:https://registry.npmjs.org/fill-range set size:undefined disposed:false
1471 silly placeDep ROOT fill-range@7.1.1 OK for: braces@3.0.3 want: ^7.1.1
1472 silly fetch manifest to-regex-range@^5.0.1
1473 silly packumentCache full:https://registry.npmjs.org/to-regex-range cache-miss
1474 http fetch GET 200 https://registry.npmjs.org/to-regex-range 60ms (cache revalidated)
1475 silly packumentCache full:https://registry.npmjs.org/to-regex-range set size:61569 disposed:false
1476 silly placeDep ROOT to-regex-range@5.0.1 OK for: fill-range@7.1.1 want: ^5.0.1
1477 silly fetch manifest is-number@^7.0.0
1478 silly packumentCache full:https://registry.npmjs.org/is-number cache-miss
1479 http fetch GET 200 https://registry.npmjs.org/is-number 77ms (cache revalidated)
1480 silly packumentCache full:https://registry.npmjs.org/is-number set size:36183 disposed:false
1481 silly placeDep ROOT queue-microtask@1.2.3 OK for: run-parallel@1.2.0 want: ^1.2.2
1482 silly placeDep ROOT is-number@7.0.0 OK for: to-regex-range@5.0.1 want: ^7.0.0
1483 silly placeDep ROOT fsevents@2.3.3 OK for: tsx@4.21.0 want: ~2.3.3
1484 silly placeDep ROOT get-tsconfig@4.14.0 OK for: tsx@4.21.0 want: ^4.7.5
1485 silly fetch manifest resolve-pkg-maps@^1.0.0
1486 silly packumentCache full:https://registry.npmjs.org/resolve-pkg-maps cache-miss
1487 http fetch GET 200 https://registry.npmjs.org/resolve-pkg-maps 54ms (cache revalidated)
1488 silly packumentCache full:https://registry.npmjs.org/resolve-pkg-maps set size:11615 disposed:false
1489 silly placeDep ROOT resolve-pkg-maps@1.0.0 OK for: get-tsconfig@4.14.0 want: ^1.0.0
1490 silly placeDep ROOT @fastify/busboy@2.1.1 OK for: undici@5.29.0 want: ^2.0.0
1491 silly placeDep ROOT punycode@2.3.1 OK for: uri-js@4.4.1 want: ^2.1.0
1492 silly placeDep ROOT isexe@2.0.0 OK for: which@2.0.2 want: ^2.0.0
1493 silly placeDep ROOT brace-expansion@1.1.15 OK for: minimatch@3.1.5 want: ^1.1.7
1494 silly fetch manifest concat-map@0.0.1
1495 silly packumentCache full:https://registry.npmjs.org/concat-map cache-miss
1496 silly fetch manifest balanced-match@^1.0.0
1497 silly packumentCache full:https://registry.npmjs.org/balanced-match cache-miss
1498 http fetch GET 200 https://registry.npmjs.org/concat-map 58ms (cache revalidated)
1499 silly packumentCache full:https://registry.npmjs.org/concat-map set size:9290 disposed:false
1500 http fetch GET 200 https://registry.npmjs.org/balanced-match 62ms (cache revalidated)
1501 silly packumentCache full:https://registry.npmjs.org/balanced-match set size:39082 disposed:false
1502 silly placeDep ROOT balanced-match@1.0.2 OK for: brace-expansion@1.1.15 want: ^1.0.0
1503 silly placeDep ROOT concat-map@0.0.1 OK for: brace-expansion@1.1.15 want: 0.0.1
1504 silly placeDep node_modules/@vercel/rust get-stream@6.0.1 OK for: execa@5.1.1 want: ^6.0.0
1505 silly placeDep node_modules/@vercel/rust human-signals@2.1.0 OK for: execa@5.1.1 want: ^2.1.0
1506 silly placeDep node_modules/@vercel/rust signal-exit@3.0.7 OK for: execa@5.1.1 want: ^3.0.3
1507 silly placeDep node_modules/glob brace-expansion@5.0.7 OK for: minimatch@10.2.5 want: ^5.0.5
1508 silly fetch manifest balanced-match@^4.0.2
1509 silly packumentCache full:https://registry.npmjs.org/balanced-match cache-hit
1510 silly placeDep node_modules/glob balanced-match@4.0.4 OK for: brace-expansion@5.0.7 want: ^4.0.2
1511 silly placeDep node_modules/sandbox ms@2.1.3 OK for: debug@4.4.3 want: ^2.1.3
1512 silly reify mark retired [
1512 silly reify   'C:\\Users\\kk\\Documents\\Codex\\2026-05-16\\https-vtuber-match-vercel-app-top\\.npm-cache\\_npx\\69f9afb961c37556\\node_modules\\@emnapi\\core'
1512 silly reify ]
1513 silly reify mark retired [
1513 silly reify   'C:\\Users\\kk\\Documents\\Codex\\2026-05-16\\https-vtuber-match-vercel-app-top\\.npm-cache\\_npx\\69f9afb961c37556\\node_modules\\@emnapi\\runtime'
1513 silly reify ]
1514 silly reify mark retired [
1514 silly reify   'C:\\Users\\kk\\Documents\\Codex\\2026-05-16\\https-vtuber-match-vercel-app-top\\.npm-cache\\_npx\\69f9afb961c37556\\node_modules\\@emnapi\\wasi-threads'
1514 silly reify ]
1515 silly reify mark retired [
1515 silly reify   'C:\\Users\\kk\\Documents\\Codex\\2026-05-16\\https-vtuber-match-vercel-app-top\\.npm-cache\\_npx\\69f9afb961c37556\\node_modules\\@napi-rs\\wasm-runtime'
1515 silly reify ]
1516 silly reify mark retired [
1516 silly reify   'C:\\Users\\kk\\Documents\\Codex\\2026-05-16\\https-vtuber-match-vercel-app-top\\.npm-cache\\_npx\\69f9afb961c37556\\node_modules\\@rollup\\pluginutils'
1516 silly reify ]
1517 silly reify mark retired [
1517 silly reify   'C:\\Users\\kk\\Documents\\Codex\\2026-05-16\\https-vtuber-match-vercel-app-top\\.npm-cache\\_npx\\69f9afb961c37556\\node_modules\\@tybys\\wasm-util'
1517 silly reify ]
1518 silly reify mark retired [
1518 silly reify   'C:\\Users\\kk\\Documents\\Codex\\2026-05-16\\https-vtuber-match-vercel-app-top\\.npm-cache\\_npx\\69f9afb961c37556\\node_modules\\@vercel\\backends'
1518 silly reify ]
1519 silly reify mark retired [
1519 silly reify   'C:\\Users\\kk\\Documents\\Codex\\2026-05-16\\https-vtuber-match-vercel-app-top\\.npm-cache\\_npx\\69f9afb961c37556\\node_modules\\@vercel\\blob'
1519 silly reify ]
1520 silly reify mark retired [
1520 silly reify   'C:\\Users\\kk\\Documents\\Codex\\2026-05-16\\https-vtuber-match-vercel-app-top\\.npm-cache\\_npx\\69f9afb961c37556\\node_modules\\@vercel\\build-utils'
1520 silly reify ]
1521 silly reify mark retired [
1521 silly reify   'C:\\Users\\kk\\Documents\\Codex\\2026-05-16\\https-vtuber-match-vercel-app-top\\.npm-cache\\_npx\\69f9afb961c37556\\node_modules\\@vercel\\cervel',
1521 silly reify   'C:\\Users\\kk\\Documents\\Codex\\2026-05-16\\https-vtuber-match-vercel-app-top\\.npm-cache\\_npx\\69f9afb961c37556\\node_modules\\.bin\\cervel',
1521 silly reify   'C:\\Users\\kk\\Documents\\Codex\\2026-05-16\\https-vtuber-match-vercel-app-top\\.npm-cache\\_npx\\69f9afb961c37556\\node_modules\\.bin\\cervel.cmd',
1521 silly reify   'C:\\Users\\kk\\Documents\\Codex\\2026-05-16\\https-vtuber-match-vercel-app-top\\.npm-cache\\_npx\\69f9afb961c37556\\node_modules\\.bin\\cervel.ps1'
1521 silly reify ]
1522 silly reify mark retired [
1522 silly reify   'C:\\Users\\kk\\Documents\\Codex\\2026-05-16\\https-vtuber-match-vercel-app-top\\.npm-cache\\_npx\\69f9afb961c37556\\node_modules\\@vercel\\cli-config'
1522 silly reify ]
1523 silly reify mark retired [
1523 silly reify   'C:\\Users\\kk\\Documents\\Codex\\2026-05-16\\https-vtuber-match-vercel-app-top\\.npm-cache\\_npx\\69f9afb961c37556\\node_modules\\@vercel\\elysia'
1523 silly reify ]
1524 silly reify mark retired [
1524 silly reify   'C:\\Users\\kk\\Documents\\Codex\\2026-05-16\\https-vtuber-match-vercel-app-top\\.npm-cache\\_npx\\69f9afb961c37556\\node_modules\\@vercel\\error-utils'
1524 silly reify ]
1525 silly reify mark retired [
1525 silly reify   'C:\\Users\\kk\\Documents\\Codex\\2026-05-16\\https-vtuber-match-vercel-app-top\\.npm-cache\\_npx\\69f9afb961c37556\\node_modules\\@vercel\\express'
1525 silly reify ]
1526 silly reify mark retired [
1526 silly reify   'C:\\Users\\kk\\Documents\\Codex\\2026-05-16\\https-vtuber-match-vercel-app-top\\.npm-cache\\_npx\\69f9afb961c37556\\node_modules\\@vercel\\fastify'
1526 silly reify ]
1527 silly reify mark retired [
1527 silly reify   'C:\\Users\\kk\\Documents\\Codex\\2026-05-16\\https-vtuber-match-vercel-app-top\\.npm-cache\\_npx\\69f9afb961c37556\\node_modules\\@vercel\\gatsby-plugin-vercel-builder'
1527 silly reify ]
1528 silly reify mark retired [
1528 silly reify   'C:\\Users\\kk\\Documents\\Codex\\2026-05-16\\https-vtuber-match-vercel-app-top\\.npm-cache\\_npx\\69f9afb961c37556\\node_modules\\@vercel\\go'
1528 silly reify ]
1529 silly reify mark retired [
1529 silly reify   'C:\\Users\\kk\\Documents\\Codex\\2026-05-16\\https-vtuber-match-vercel-app-top\\.npm-cache\\_npx\\69f9afb961c37556\\node_modules\\@vercel\\h3'
1529 silly reify ]
1530 silly reify mark retired [
1530 silly reify   'C:\\Users\\kk\\Documents\\Codex\\2026-05-16\\https-vtuber-match-vercel-app-top\\.npm-cache\\_npx\\69f9afb961c37556\\node_modules\\@vercel\\hono'
1530 silly reify ]
1531 silly reify mark retired [
1531 silly reify   'C:\\Users\\kk\\Documents\\Codex\\2026-05-16\\https-vtuber-match-vercel-app-top\\.npm-cache\\_npx\\69f9afb961c37556\\node_modules\\@vercel\\hydrogen'
1531 silly reify ]
1532 silly reify mark retired [
1532 silly reify   'C:\\Users\\kk\\Documents\\Codex\\2026-05-16\\https-vtuber-match-vercel-app-top\\.npm-cache\\_npx\\69f9afb961c37556\\node_modules\\@vercel\\koa'
1532 silly reify ]
1533 silly reify mark retired [
1533 silly reify   'C:\\Users\\kk\\Documents\\Codex\\2026-05-16\\https-vtuber-match-vercel-app-top\\.npm-cache\\_npx\\69f9afb961c37556\\node_modules\\@vercel\\nestjs'
1533 silly reify ]
1534 silly reify mark retired [
1534 silly reify   'C:\\Users\\kk\\Documents\\Codex\\2026-05-16\\https-vtuber-match-vercel-app-top\\.npm-cache\\_npx\\69f9afb961c37556\\node_modules\\@vercel\\next'
1534 silly reify ]
1535 silly reify mark retired [
1535 silly reify   'C:\\Users\\kk\\Documents\\Codex\\2026-05-16\\https-vtuber-match-vercel-app-top\\.npm-cache\\_npx\\69f9afb961c37556\\node_modules\\@vercel\\nft',
1535 silly reify   'C:\\Users\\kk\\Documents\\Codex\\2026-05-16\\https-vtuber-match-vercel-app-top\\.npm-cache\\_npx\\69f9afb961c37556\\node_modules\\.bin\\nft',
1535 silly reify   'C:\\Users\\kk\\Documents\\Codex\\2026-05-16\\https-vtuber-match-vercel-app-top\\.npm-cache\\_npx\\69f9afb961c37556\\node_modules\\.bin\\nft.cmd',
1535 silly reify   'C:\\Users\\kk\\Documents\\Codex\\2026-05-16\\https-vtuber-match-vercel-app-top\\.npm-cache\\_npx\\69f9afb961c37556\\node_modules\\.bin\\nft.ps1'
1535 silly reify ]
1536 silly reify mark retired [
1536 silly reify   'C:\\Users\\kk\\Documents\\Codex\\2026-05-16\\https-vtuber-match-vercel-app-top\\.npm-cache\\_npx\\69f9afb961c37556\\node_modules\\@vercel\\node'
1536 silly reify ]
1537 silly reify mark retired [
1537 silly reify   'C:\\Users\\kk\\Documents\\Codex\\2026-05-16\\https-vtuber-match-vercel-app-top\\.npm-cache\\_npx\\69f9afb961c37556\\node_modules\\@vercel\\prepare-flags-definitions'
1537 silly reify ]
1538 silly reify mark retired [
1538 silly reify   'C:\\Users\\kk\\Documents\\Codex\\2026-05-16\\https-vtuber-match-vercel-app-top\\.npm-cache\\_npx\\69f9afb961c37556\\node_modules\\@vercel\\python'
1538 silly reify ]
1539 silly reify mark retired [
1539 silly reify   'C:\\Users\\kk\\Documents\\Codex\\2026-05-16\\https-vtuber-match-vercel-app-top\\.npm-cache\\_npx\\69f9afb961c37556\\node_modules\\@vercel\\redwood'
1539 silly reify ]
1540 silly reify mark retired [
1540 silly reify   'C:\\Users\\kk\\Documents\\Codex\\2026-05-16\\https-vtuber-match-vercel-app-top\\.npm-cache\\_npx\\69f9afb961c37556\\node_modules\\@vercel\\remix-builder'
1540 silly reify ]
1541 silly reify mark retired [
1541 silly reify   'C:\\Users\\kk\\Documents\\Codex\\2026-05-16\\https-vtuber-match-vercel-app-top\\.npm-cache\\_npx\\69f9afb961c37556\\node_modules\\@vercel\\ruby'
1541 silly reify ]
1542 silly reify mark retired [
1542 silly reify   'C:\\Users\\kk\\Documents\\Codex\\2026-05-16\\https-vtuber-match-vercel-app-top\\.npm-cache\\_npx\\69f9afb961c37556\\node_modules\\@vercel\\rust'
1542 silly reify ]
1543 silly reify mark retired [
1543 silly reify   'C:\\Users\\kk\\Documents\\Codex\\2026-05-16\\https-vtuber-match-vercel-app-top\\.npm-cache\\_npx\\69f9afb961c37556\\node_modules\\@vercel\\sandbox'
1543 silly reify ]
1544 silly reify mark retired [
1544 silly reify   'C:\\Users\\kk\\Documents\\Codex\\2026-05-16\\https-vtuber-match-vercel-app-top\\.npm-cache\\_npx\\69f9afb961c37556\\node_modules\\@vercel\\static-build'
1544 silly reify ]
1545 silly reify mark retired [
1545 silly reify   'C:\\Users\\kk\\Documents\\Codex\\2026-05-16\\https-vtuber-match-vercel-app-top\\.npm-cache\\_npx\\69f9afb961c37556\\node_modules\\@vercel\\static-config'
1545 silly reify ]
1546 silly reify mark retired [
1546 silly reify   'C:\\Users\\kk\\Documents\\Codex\\2026-05-16\\https-vtuber-match-vercel-app-top\\.npm-cache\\_npx\\69f9afb961c37556\\node_modules\\acorn',
1546 silly reify   'C:\\Users\\kk\\Documents\\Codex\\2026-05-16\\https-vtuber-match-vercel-app-top\\.npm-cache\\_npx\\69f9afb961c37556\\node_modules\\.bin\\acorn',
1546 silly reify   'C:\\Users\\kk\\Documents\\Codex\\2026-05-16\\https-vtuber-match-vercel-app-top\\.npm-cache\\_npx\\69f9afb961c37556\\node_modules\\.bin\\acorn.cmd',
1546 silly reify   'C:\\Users\\kk\\Documents\\Codex\\2026-05-16\\https-vtuber-match-vercel-app-top\\.npm-cache\\_npx\\69f9afb961c37556\\node_modules\\.bin\\acorn.ps1'
1546 silly reify ]
1547 silly reify mark retired [
1547 silly reify   'C:\\Users\\kk\\Documents\\Codex\\2026-05-16\\https-vtuber-match-vercel-app-top\\.npm-cache\\_npx\\69f9afb961c37556\\node_modules\\asynckit'
1547 silly reify ]
1548 silly reify mark retired [
1548 silly reify   'C:\\Users\\kk\\Documents\\Codex\\2026-05-16\\https-vtuber-match-vercel-app-top\\.npm-cache\\_npx\\69f9afb961c37556\\node_modules\\bare-events'
1548 silly reify ]
1549 silly reify mark retired [
1549 silly reify   'C:\\Users\\kk\\Documents\\Codex\\2026-05-16\\https-vtuber-match-vercel-app-top\\.npm-cache\\_npx\\69f9afb961c37556\\node_modules\\brace-expansion'
1549 silly reify ]
1550 silly reify mark retired [
1550 silly reify   'C:\\Users\\kk\\Documents\\Codex\\2026-05-16\\https-vtuber-match-vercel-app-top\\.npm-cache\\_npx\\69f9afb961c37556\\node_modules\\call-bind-apply-helpers'
1550 silly reify ]
1551 silly reify mark retired [
1551 silly reify   'C:\\Users\\kk\\Documents\\Codex\\2026-05-16\\https-vtuber-match-vercel-app-top\\.npm-cache\\_npx\\69f9afb961c37556\\node_modules\\combined-stream'
1551 silly reify ]
1552 silly reify mark retired [
1552 silly reify   'C:\\Users\\kk\\Documents\\Codex\\2026-05-16\\https-vtuber-match-vercel-app-top\\.npm-cache\\_npx\\69f9afb961c37556\\node_modules\\cookie-es'
1552 silly reify ]
1553 silly reify mark retired [
1553 silly reify   'C:\\Users\\kk\\Documents\\Codex\\2026-05-16\\https-vtuber-match-vercel-app-top\\.npm-cache\\_npx\\69f9afb961c37556\\node_modules\\delayed-stream'
1553 silly reify ]
1554 silly reify mark retired [
1554 silly reify   'C:\\Users\\kk\\Documents\\Codex\\2026-05-16\\https-vtuber-match-vercel-app-top\\.npm-cache\\_npx\\69f9afb961c37556\\node_modules\\dunder-proto'
1554 silly reify ]
1555 silly reify mark retired [
1555 silly reify   'C:\\Users\\kk\\Documents\\Codex\\2026-05-16\\https-vtuber-match-vercel-app-top\\.npm-cache\\_npx\\69f9afb961c37556\\node_modules\\es-define-property'
1555 silly reify ]
1556 silly reify mark retired [
1556 silly reify   'C:\\Users\\kk\\Documents\\Codex\\2026-05-16\\https-vtuber-match-vercel-app-top\\.npm-cache\\_npx\\69f9afb961c37556\\node_modules\\es-errors'
1556 silly reify ]
1557 silly reify mark retired [
1557 silly reify   'C:\\Users\\kk\\Documents\\Codex\\2026-05-16\\https-vtuber-match-vercel-app-top\\.npm-cache\\_npx\\69f9afb961c37556\\node_modules\\es-object-atoms'
1557 silly reify ]
1558 silly reify mark retired [
1558 silly reify   'C:\\Users\\kk\\Documents\\Codex\\2026-05-16\\https-vtuber-match-vercel-app-top\\.npm-cache\\_npx\\69f9afb961c37556\\node_modules\\es-set-tostringtag'
1558 silly reify ]
1559 silly reify mark retired [
1559 silly reify   'C:\\Users\\kk\\Documents\\Codex\\2026-05-16\\https-vtuber-match-vercel-app-top\\.npm-cache\\_npx\\69f9afb961c37556\\node_modules\\form-data'
1559 silly reify ]
1560 silly reify mark retired [
1560 silly reify   'C:\\Users\\kk\\Documents\\Codex\\2026-05-16\\https-vtuber-match-vercel-app-top\\.npm-cache\\_npx\\69f9afb961c37556\\node_modules\\function-bind'
1560 silly reify ]
1561 silly reify mark retired [
1561 silly reify   'C:\\Users\\kk\\Documents\\Codex\\2026-05-16\\https-vtuber-match-vercel-app-top\\.npm-cache\\_npx\\69f9afb961c37556\\node_modules\\get-intrinsic'
1561 silly reify ]
1562 silly reify mark retired [
1562 silly reify   'C:\\Users\\kk\\Documents\\Codex\\2026-05-16\\https-vtuber-match-vercel-app-top\\.npm-cache\\_npx\\69f9afb961c37556\\node_modules\\get-proto'
1562 silly reify ]
1563 silly reify mark retired [
1563 silly reify   'C:\\Users\\kk\\Documents\\Codex\\2026-05-16\\https-vtuber-match-vercel-app-top\\.npm-cache\\_npx\\69f9afb961c37556\\node_modules\\glob\\node_modules\\brace-expansion'
1563 silly reify ]
1564 silly reify mark retired [
1564 silly reify   'C:\\Users\\kk\\Documents\\Codex\\2026-05-16\\https-vtuber-match-vercel-app-top\\.npm-cache\\_npx\\69f9afb961c37556\\node_modules\\gopd'
1564 silly reify ]
1565 silly reify mark retired [
1565 silly reify   'C:\\Users\\kk\\Documents\\Codex\\2026-05-16\\https-vtuber-match-vercel-app-top\\.npm-cache\\_npx\\69f9afb961c37556\\node_modules\\has-symbols'
1565 silly reify ]
1566 silly reify mark retired [
1566 silly reify   'C:\\Users\\kk\\Documents\\Codex\\2026-05-16\\https-vtuber-match-vercel-app-top\\.npm-cache\\_npx\\69f9afb961c37556\\node_modules\\has-tostringtag'
1566 silly reify ]
1567 silly reify mark retired [
1567 silly reify   'C:\\Users\\kk\\Documents\\Codex\\2026-05-16\\https-vtuber-match-vercel-app-top\\.npm-cache\\_npx\\69f9afb961c37556\\node_modules\\hasown'
1567 silly reify ]
1568 silly reify mark retired [
1568 silly reify   'C:\\Users\\kk\\Documents\\Codex\\2026-05-16\\https-vtuber-match-vercel-app-top\\.npm-cache\\_npx\\69f9afb961c37556\\node_modules\\lru-cache'
1568 silly reify ]
1569 silly reify mark retired [
1569 silly reify   'C:\\Users\\kk\\Documents\\Codex\\2026-05-16\\https-vtuber-match-vercel-app-top\\.npm-cache\\_npx\\69f9afb961c37556\\node_modules\\math-intrinsics'
1569 silly reify ]
1570 silly reify mark retired [
1570 silly reify   'C:\\Users\\kk\\Documents\\Codex\\2026-05-16\\https-vtuber-match-vercel-app-top\\.npm-cache\\_npx\\69f9afb961c37556\\node_modules\\sandbox',
1570 silly reify   'C:\\Users\\kk\\Documents\\Codex\\2026-05-16\\https-vtuber-match-vercel-app-top\\.npm-cache\\_npx\\69f9afb961c37556\\node_modules\\.bin\\sandbox',
1570 silly reify   'C:\\Users\\kk\\Documents\\Codex\\2026-05-16\\https-vtuber-match-vercel-app-top\\.npm-cache\\_npx\\69f9afb961c37556\\node_modules\\.bin\\sandbox.cmd',
1570 silly reify   'C:\\Users\\kk\\Documents\\Codex\\2026-05-16\\https-vtuber-match-vercel-app-top\\.npm-cache\\_npx\\69f9afb961c37556\\node_modules\\.bin\\sandbox.ps1',
1570 silly reify   'C:\\Users\\kk\\Documents\\Codex\\2026-05-16\\https-vtuber-match-vercel-app-top\\.npm-cache\\_npx\\69f9afb961c37556\\node_modules\\.bin\\sbx',
1570 silly reify   'C:\\Users\\kk\\Documents\\Codex\\2026-05-16\\https-vtuber-match-vercel-app-top\\.npm-cache\\_npx\\69f9afb961c37556\\node_modules\\.bin\\sbx.cmd',
1570 silly reify   'C:\\Users\\kk\\Documents\\Codex\\2026-05-16\\https-vtuber-match-vercel-app-top\\.npm-cache\\_npx\\69f9afb961c37556\\node_modules\\.bin\\sbx.ps1'
1570 silly reify ]
1571 silly reify mark retired [
1571 silly reify   'C:\\Users\\kk\\Documents\\Codex\\2026-05-16\\https-vtuber-match-vercel-app-top\\.npm-cache\\_npx\\69f9afb961c37556\\node_modules\\srvx',
1571 silly reify   'C:\\Users\\kk\\Documents\\Codex\\2026-05-16\\https-vtuber-match-vercel-app-top\\.npm-cache\\_npx\\69f9afb961c37556\\node_modules\\.bin\\srvx',
1571 silly reify   'C:\\Users\\kk\\Documents\\Codex\\2026-05-16\\https-vtuber-match-vercel-app-top\\.npm-cache\\_npx\\69f9afb961c37556\\node_modules\\.bin\\srvx.cmd',
1571 silly reify   'C:\\Users\\kk\\Documents\\Codex\\2026-05-16\\https-vtuber-match-vercel-app-top\\.npm-cache\\_npx\\69f9afb961c37556\\node_modules\\.bin\\srvx.ps1'
1571 silly reify ]
1572 silly reify mark retired [
1572 silly reify   'C:\\Users\\kk\\Documents\\Codex\\2026-05-16\\https-vtuber-match-vercel-app-top\\.npm-cache\\_npx\\69f9afb961c37556\\node_modules\\streamx'
1572 silly reify ]
1573 silly reify mark retired [
1573 silly reify   'C:\\Users\\kk\\Documents\\Codex\\2026-05-16\\https-vtuber-match-vercel-app-top\\.npm-cache\\_npx\\69f9afb961c37556\\node_modules\\undici'
1573 silly reify ]
1574 silly reify mark retired [
1574 silly reify   'C:\\Users\\kk\\Documents\\Codex\\2026-05-16\\https-vtuber-match-vercel-app-top\\.npm-cache\\_npx\\69f9afb961c37556\\node_modules\\vercel',
1574 silly reify   'C:\\Users\\kk\\Documents\\Codex\\2026-05-16\\https-vtuber-match-vercel-app-top\\.npm-cache\\_npx\\69f9afb961c37556\\node_modules\\.bin\\vc',
1574 silly reify   'C:\\Users\\kk\\Documents\\Codex\\2026-05-16\\https-vtuber-match-vercel-app-top\\.npm-cache\\_npx\\69f9afb961c37556\\node_modules\\.bin\\vc.cmd',
1574 silly reify   'C:\\Users\\kk\\Documents\\Codex\\2026-05-16\\https-vtuber-match-vercel-app-top\\.npm-cache\\_npx\\69f9afb961c37556\\node_modules\\.bin\\vc.ps1',
1574 silly reify   'C:\\Users\\kk\\Documents\\Codex\\2026-05-16\\https-vtuber-match-vercel-app-top\\.npm-cache\\_npx\\69f9afb961c37556\\node_modules\\.bin\\vercel',
1574 silly reify   'C:\\Users\\kk\\Documents\\Codex\\2026-05-16\\https-vtuber-match-vercel-app-top\\.npm-cache\\_npx\\69f9afb961c37556\\node_modules\\.bin\\vercel.cmd',
1574 silly reify   'C:\\Users\\kk\\Documents\\Codex\\2026-05-16\\https-vtuber-match-vercel-app-top\\.npm-cache\\_npx\\69f9afb961c37556\\node_modules\\.bin\\vercel.ps1'
1574 silly reify ]
1575 silly reify moves {
1575 silly reify   'C:\\Users\\kk\\Documents\\Codex\\2026-05-16\\https-vtuber-match-vercel-app-top\\.npm-cache\\_npx\\69f9afb961c37556\\node_modules\\@emnapi\\core': 'C:\\Users\\kk\\Documents\\Codex\\2026-05-16\\https-vtuber-match-vercel-app-top\\.npm-cache\\_npx\\69f9afb961c37556\\node_modules\\@emnapi\\.core-xGD93Kv6',
1575 silly reify   'C:\\Users\\kk\\Documents\\Codex\\2026-05-16\\https-vtuber-match-vercel-app-top\\.npm-cache\\_npx\\69f9afb961c37556\\node_modules\\@emnapi\\runtime': 'C:\\Users\\kk\\Documents\\Codex\\2026-05-16\\https-vtuber-match-vercel-app-top\\.npm-cache\\_npx\\69f9afb961c37556\\node_modules\\@emnapi\\.runtime-M0XON7ZQ',
1575 silly reify   'C:\\Users\\kk\\Documents\\Codex\\2026-05-16\\https-vtuber-match-vercel-app-top\\.npm-cache\\_npx\\69f9afb961c37556\\node_modules\\@emnapi\\wasi-threads': 'C:\\Users\\kk\\Documents\\Codex\\2026-05-16\\https-vtuber-match-vercel-app-top\\.npm-cache\\_npx\\69f9afb961c37556\\node_modules\\@emnapi\\.wasi-threads-8dCN26r9',
1575 silly reify   'C:\\Users\\kk\\Documents\\Codex\\2026-05-16\\https-vtuber-match-vercel-app-top\\.npm-cache\\_npx\\69f9afb961c37556\\node_modules\\@napi-rs\\wasm-runtime': 'C:\\Users\\kk\\Documents\\Codex\\2026-05-16\\https-vtuber-match-vercel-app-top\\.npm-cache\\_npx\\69f9afb961c37556\\node_modules\\@napi-rs\\.wasm-runtime-dmTfAx4K',
1575 silly reify   'C:\\Users\\kk\\Documents\\Codex\\2026-05-16\\https-vtuber-match-vercel-app-top\\.npm-cache\\_npx\\69f9afb961c37556\\node_modules\\@rollup\\pluginutils': 'C:\\Users\\kk\\Documents\\Codex\\2026-05-16\\https-vtuber-match-vercel-app-top\\.npm-cache\\_npx\\69f9afb961c37556\\node_modules\\@rollup\\.pluginutils-ZDlDmyJy',
1575 silly reify   'C:\\Users\\kk\\Documents\\Codex\\2026-05-16\\https-vtuber-match-vercel-app-top\\.npm-cache\\_npx\\69f9afb961c37556\\node_modules\\@tybys\\wasm-util': 'C:\\Users\\kk\\Documents\\Codex\\2026-05-16\\https-vtuber-match-vercel-app-top\\.npm-cache\\_npx\\69f9afb961c37556\\node_modules\\@tybys\\.wasm-util-3lwIyUPE',
1575 silly reify   'C:\\Users\\kk\\Documents\\Codex\\2026-05-16\\https-vtuber-match-vercel-app-top\\.npm-cache\\_npx\\69f9afb961c37556\\node_modules\\@vercel\\backends': 'C:\\Users\\kk\\Documents\\Codex\\2026-05-16\\https-vtuber-match-vercel-app-top\\.npm-cache\\_npx\\69f9afb961c37556\\node_modules\\@vercel\\.backends-CvuyIi9O',
1575 silly reify   'C:\\Users\\kk\\Documents\\Codex\\2026-05-16\\https-vtuber-match-vercel-app-top\\.npm-cache\\_npx\\69f9afb961c37556\\node_modules\\@vercel\\blob': 'C:\\Users\\kk\\Documents\\Codex\\2026-05-16\\https-vtuber-match-vercel-app-top\\.npm-cache\\_npx\\69f9afb961c37556\\node_modules\\@vercel\\.blob-GlMcGvRe',
1575 silly reify   'C:\\Users\\kk\\Documents\\Codex\\2026-05-16\\https-vtuber-match-vercel-app-top\\.npm-cache\\_npx\\69f9afb961c37556\\node_modules\\@vercel\\build-utils': 'C:\\Users\\kk\\Documents\\Codex\\2026-05-16\\https-vtuber-match-vercel-app-top\\.npm-cache\\_npx\\69f9afb961c37556\\node_modules\\@vercel\\.build-utils-dBVmr4xZ',
1575 silly reify   'C:\\Users\\kk\\Documents\\Codex\\2026-05-16\\https-vtuber-match-vercel-app-top\\.npm-cache\\_npx\\69f9afb961c37556\\node_modules\\@vercel\\cervel': 'C:\\Users\\kk\\Documents\\Codex\\2026-05-16\\https-vtuber-match-vercel-app-top\\.npm-cache\\_npx\\69f9afb961c37556\\node_modules\\@vercel\\.cervel-3sD299uS',
1575 silly reify   'C:\\Users\\kk\\Documents\\Codex\\2026-05-16\\https-vtuber-match-vercel-app-top\\.npm-cache\\_npx\\69f9afb961c37556\\node_modules\\.bin\\cervel': 'C:\\Users\\kk\\Documents\\Codex\\2026-05-16\\https-vtuber-match-vercel-app-top\\.npm-cache\\_npx\\69f9afb961c37556\\node_modules\\.bin\\.cervel-HsNYpftG',
1575 silly reify   'C:\\Users\\kk\\Documents\\Codex\\2026-05-16\\https-vtuber-match-vercel-app-top\\.npm-cache\\_npx\\69f9afb961c37556\\node_modules\\.bin\\cervel.cmd': 'C:\\Users\\kk\\Documents\\Codex\\2026-05-16\\https-vtuber-match-vercel-app-top\\.npm-cache\\_npx\\69f9afb961c37556\\node_modules\\.bin\\.cervel.cmd-fNZrLCpO',
1575 silly reify   'C:\\Users\\kk\\Documents\\Codex\\2026-05-16\\https-vtuber-match-vercel-app-top\\.npm-cache\\_npx\\69f9afb961c37556\\node_modules\\.bin\\cervel.ps1': 'C:\\Users\\kk\\Documents\\Codex\\2026-05-16\\https-vtuber-match-vercel-app-top\\.npm-cache\\_npx\\69f9afb961c37556\\node_modules\\.bin\\.cervel.ps1-uuTnbkb9',
1575 silly reify   'C:\\Users\\kk\\Documents\\Codex\\2026-05-16\\https-vtuber-match-vercel-app-top\\.npm-cache\\_npx\\69f9afb961c37556\\node_modules\\@vercel\\cli-config': 'C:\\Users\\kk\\Documents\\Codex\\2026-05-16\\https-vtuber-match-vercel-app-top\\.npm-cache\\_npx\\69f9afb961c37556\\node_modules\\@vercel\\.cli-config-hESTkbNe',
1575 silly reify   'C:\\Users\\kk\\Documents\\Codex\\2026-05-16\\https-vtuber-match-vercel-app-top\\.npm-cache\\_npx\\69f9afb961c37556\\node_modules\\@vercel\\elysia': 'C:\\Users\\kk\\Documents\\Codex\\2026-05-16\\https-vtuber-match-vercel-app-top\\.npm-cache\\_npx\\69f9afb961c37556\\node_modules\\@vercel\\.elysia-OjXkaTN8',
1575 silly reify   'C:\\Users\\kk\\Documents\\Codex\\2026-05-16\\https-vtuber-match-vercel-app-top\\.npm-cache\\_npx\\69f9afb961c37556\\node_modules\\@vercel\\error-utils': 'C:\\Users\\kk\\Documents\\Codex\\2026-05-16\\https-vtuber-match-vercel-app-top\\.npm-cache\\_npx\\69f9afb961c37556\\node_modules\\@vercel\\.error-utils-LPodrtk5',
1575 silly reify   'C:\\Users\\kk\\Documents\\Codex\\2026-05-16\\https-vtuber-match-vercel-app-top\\.npm-cache\\_npx\\69f9afb961c37556\\node_modules\\@vercel\\express': 'C:\\Users\\kk\\Documents\\Codex\\2026-05-16\\https-vtuber-match-vercel-app-top\\.npm-cache\\_npx\\69f9afb961c37556\\node_modules\\@vercel\\.express-Fd3vs5ad',
1575 silly reify   'C:\\Users\\kk\\Documents\\Codex\\2026-05-16\\https-vtuber-match-vercel-app-top\\.npm-cache\\_npx\\69f9afb961c37556\\node_modules\\@vercel\\fastify': 'C:\\Users\\kk\\Documents\\Codex\\2026-05-16\\https-vtuber-match-vercel-app-top\\.npm-cache\\_npx\\69f9afb961c37556\\node_modules\\@vercel\\.fastify-IvJO6N4w',
1575 silly reify   'C:\\Users\\kk\\Documents\\Codex\\2026-05-16\\https-vtuber-match-vercel-app-top\\.npm-cache\\_npx\\69f9afb961c37556\\node_modules\\@vercel\\gatsby-plugin-vercel-builder': 'C:\\Users\\kk\\Documents\\Codex\\2026-05-16\\https-vtuber-match-vercel-app-top\\.npm-cache\\_npx\\69f9afb961c37556\\node_modules\\@vercel\\.gatsby-plugin-vercel-builder-6vVFMuLJ',
1575 silly reify   'C:\\Users\\kk\\Documents\\Codex\\2026-05-16\\https-vtuber-match-vercel-app-top\\.npm-cache\\_npx\\69f9afb961c37556\\node_modules\\@vercel\\go': 'C:\\Users\\kk\\Documents\\Codex\\2026-05-16\\https-vtuber-match-vercel-app-top\\.npm-cache\\_npx\\69f9afb961c37556\\node_modules\\@vercel\\.go-CG8E8yys',
1575 silly reify   'C:\\Users\\kk\\Documents\\Codex\\2026-05-16\\https-vtuber-match-vercel-app-top\\.npm-cache\\_npx\\69f9afb961c37556\\node_modules\\@vercel\\h3': 'C:\\Users\\kk\\Documents\\Codex\\2026-05-16\\https-vtuber-match-vercel-app-top\\.npm-cache\\_npx\\69f9afb961c37556\\node_modules\\@vercel\\.h3-WSpSUkBD',
1575 silly reify   'C:\\Users\\kk\\Documents\\Codex\\2026-05-16\\https-vtuber-match-vercel-app-top\\.npm-cache\\_npx\\69f9afb961c37556\\node_modules\\@vercel\\hono': 'C:\\Users\\kk\\Documents\\Codex\\2026-05-16\\https-vtuber-match-vercel-app-top\\.npm-cache\\_npx\\69f9afb961c37556\\node_modules\\@vercel\\.hono-yi7w0gy8',
1575 silly reify   'C:\\Users\\kk\\Documents\\Codex\\2026-05-16\\https-vtuber-match-vercel-app-top\\.npm-cache\\_npx\\69f9afb961c37556\\node_modules\\@vercel\\hydrogen': 'C:\\Users\\kk\\Documents\\Codex\\2026-05-16\\https-vtuber-match-vercel-app-top\\.npm-cache\\_npx\\69f9afb961c37556\\node_modules\\@vercel\\.hydrogen-wNtINiXo',
1575 silly reify   'C:\\Users\\kk\\Documents\\Codex\\2026-05-16\\https-vtuber-match-vercel-app-top\\.npm-cache\\_npx\\69f9afb961c37556\\node_modules\\@vercel\\koa': 'C:\\Users\\kk\\Documents\\Codex\\2026-05-16\\https-vtuber-match-vercel-app-top\\.npm-cache\\_npx\\69f9afb961c37556\\node_modules\\@vercel\\.koa-wHqj9JPt',
1575 silly reify   'C:\\Users\\kk\\Documents\\Codex\\2026-05-16\\https-vtuber-match-vercel-app-top\\.npm-cache\\_npx\\69f9afb961c37556\\node_modules\\@vercel\\nestjs': 'C:\\Users\\kk\\Documents\\Codex\\2026-05-16\\https-vtuber-match-vercel-app-top\\.npm-cache\\_npx\\69f9afb961c37556\\node_modules\\@vercel\\.nestjs-WQ963QKq',
1575 silly reify   'C:\\Users\\kk\\Documents\\Codex\\2026-05-16\\https-vtuber-match-vercel-app-top\\.npm-cache\\_npx\\69f9afb961c37556\\node_modules\\@vercel\\next': 'C:\\Users\\kk\\Documents\\Codex\\2026-05-16\\https-vtuber-match-vercel-app-top\\.npm-cache\\_npx\\69f9afb961c37556\\node_modules\\@vercel\\.next-pIc36XUy',
1575 silly reify   'C:\\Users\\kk\\Documents\\Codex\\2026-05-16\\https-vtuber-match-vercel-app-top\\.npm-cache\\_npx\\69f9afb961c37556\\node_modules\\@vercel\\nft': 'C:\\Users\\kk\\Documents\\Codex\\2026-05-16\\https-vtuber-match-vercel-app-top\\.npm-cache\\_npx\\69f9afb961c37556\\node_modules\\@vercel\\.nft-liSf7FeR',
1575 silly reify   'C:\\Users\\kk\\Documents\\Codex\\2026-05-16\\https-vtuber-match-vercel-app-top\\.npm-cache\\_npx\\69f9afb961c37556\\node_modules\\.bin\\nft': 'C:\\Users\\kk\\Documents\\Codex\\2026-05-16\\https-vtuber-match-vercel-app-top\\.npm-cache\\_npx\\69f9afb961c37556\\node_modules\\.bin\\.nft-Wrcv6N6H',
1575 silly reify   'C:\\Users\\kk\\Documents\\Codex\\2026-05-16\\https-vtuber-match-vercel-app-top\\.npm-cache\\_npx\\69f9afb961c37556\\node_modules\\.bin\\nft.cmd': 'C:\\Users\\kk\\Documents\\Codex\\2026-05-16\\https-vtuber-match-vercel-app-top\\.npm-cache\\_npx\\69f9afb961c37556\\node_modules\\.bin\\.nft.cmd-nog5Q9Bh',
1575 silly reify   'C:\\Users\\kk\\Documents\\Codex\\2026-05-16\\https-vtuber-match-vercel-app-top\\.npm-cache\\_npx\\69f9afb961c37556\\node_modules\\.bin\\nft.ps1': 'C:\\Users\\kk\\Documents\\Codex\\2026-05-16\\https-vtuber-match-vercel-app-top\\.npm-cache\\_npx\\69f9afb961c37556\\node_modules\\.bin\\.nft.ps1-C68UHp7e',
1575 silly reify   'C:\\Users\\kk\\Documents\\Codex\\2026-05-16\\https-vtuber-match-vercel-app-top\\.npm-cache\\_npx\\69f9afb961c37556\\node_modules\\@vercel\\node': 'C:\\Users\\kk\\Documents\\Codex\\2026-05-16\\https-vtuber-match-vercel-app-top\\.npm-cache\\_npx\\69f9afb961c37556\\node_modules\\@vercel\\.node-XQa6JjEy',
1575 silly reify   'C:\\Users\\kk\\Documents\\Codex\\2026-05-16\\https-vtuber-match-vercel-app-top\\.npm-cache\\_npx\\69f9afb961c37556\\node_modules\\@vercel\\prepare-flags-definitions': 'C:\\Users\\kk\\Documents\\Codex\\2026-05-16\\https-vtuber-match-vercel-app-top\\.npm-cache\\_npx\\69f9afb961c37556\\node_modules\\@vercel\\.prepare-flags-definitions-Tpi22N9j',
1575 silly reify   'C:\\Users\\kk\\Documents\\Codex\\2026-05-16\\https-vtuber-match-vercel-app-top\\.npm-cache\\_npx\\69f9afb961c37556\\node_modules\\@vercel\\python': 'C:\\Users\\kk\\Documents\\Codex\\2026-05-16\\https-vtuber-match-vercel-app-top\\.npm-cache\\_npx\\69f9afb961c37556\\node_modules\\@vercel\\.python-GT7KZRDO',
1575 silly reify   'C:\\Users\\kk\\Documents\\Codex\\2026-05-16\\https-vtuber-match-vercel-app-top\\.npm-cache\\_npx\\69f9afb961c37556\\node_modules\\@vercel\\redwood': 'C:\\Users\\kk\\Documents\\Codex\\2026-05-16\\https-vtuber-match-vercel-app-top\\.npm-cache\\_npx\\69f9afb961c37556\\node_modules\\@vercel\\.redwood-Y1I9hLHW',
1575 silly reify   'C:\\Users\\kk\\Documents\\Codex\\2026-05-16\\https-vtuber-match-vercel-app-top\\.npm-cache\\_npx\\69f9afb961c37556\\node_modules\\@vercel\\remix-builder': 'C:\\Users\\kk\\Documents\\Codex\\2026-05-16\\https-vtuber-match-vercel-app-top\\.npm-cache\\_npx\\69f9afb961c37556\\node_modules\\@vercel\\.remix-builder-oSkHiXk8',
1575 silly reify   'C:\\Users\\kk\\Documents\\Codex\\2026-05-16\\https-vtuber-match-vercel-app-top\\.npm-cache\\_npx\\69f9afb961c37556\\node_modules\\@vercel\\ruby': 'C:\\Users\\kk\\Documents\\Codex\\2026-05-16\\https-vtuber-match-vercel-app-top\\.npm-cache\\_npx\\69f9afb961c37556\\node_modules\\@vercel\\.ruby-FCiwltBb',
1575 silly reify   'C:\\Users\\kk\\Documents\\Codex\\2026-05-16\\https-vtuber-match-vercel-app-top\\.npm-cache\\_npx\\69f9afb961c37556\\node_modules\\@vercel\\rust': 'C:\\Users\\kk\\Documents\\Codex\\2026-05-16\\https-vtuber-match-vercel-app-top\\.npm-cache\\_npx\\69f9afb961c37556\\node_modules\\@vercel\\.rust-LjCoirlE',
1575 silly reify   'C:\\Users\\kk\\Documents\\Codex\\2026-05-16\\https-vtuber-match-vercel-app-top\\.npm-cache\\_npx\\69f9afb961c37556\\node_modules\\@vercel\\sandbox': 'C:\\Users\\kk\\Documents\\Codex\\2026-05-16\\https-vtuber-match-vercel-app-top\\.npm-cache\\_npx\\69f9afb961c37556\\node_modules\\@vercel\\.sandbox-pMEmeBvK',
1575 silly reify   'C:\\Users\\kk\\Documents\\Codex\\2026-05-16\\https-vtuber-match-vercel-app-top\\.npm-cache\\_npx\\69f9afb961c37556\\node_modules\\@vercel\\static-build': 'C:\\Users\\kk\\Documents\\Codex\\2026-05-16\\https-vtuber-match-vercel-app-top\\.npm-cache\\_npx\\69f9afb961c37556\\node_modules\\@vercel\\.static-build-JtBav4xa',
1575 silly reify   'C:\\Users\\kk\\Documents\\Codex\\2026-05-16\\https-vtuber-match-vercel-app-top\\.npm-cache\\_npx\\69f9afb961c37556\\node_modules\\@vercel\\static-config': 'C:\\Users\\kk\\Documents\\Codex\\2026-05-16\\https-vtuber-match-vercel-app-top\\.npm-cache\\_npx\\69f9afb961c37556\\node_modules\\@vercel\\.static-config-GMSmYJNP',
1575 silly reify   'C:\\Users\\kk\\Documents\\Codex\\2026-05-16\\https-vtuber-match-vercel-app-top\\.npm-cache\\_npx\\69f9afb961c37556\\node_modules\\acorn': 'C:\\Users\\kk\\Documents\\Codex\\2026-05-16\\https-vtuber-match-vercel-app-top\\.npm-cache\\_npx\\69f9afb961c37556\\node_modules\\.acorn-YGADVWD7',
1575 silly reify   'C:\\Users\\kk\\Documents\\Codex\\2026-05-16\\https-vtuber-match-vercel-app-top\\.npm-cache\\_npx\\69f9afb961c37556\\node_modules\\.bin\\acorn': 'C:\\Users\\kk\\Documents\\Codex\\2026-05-16\\https-vtuber-match-vercel-app-top\\.npm-cache\\_npx\\69f9afb961c37556\\node_modules\\.bin\\.acorn-p3I1272U',
1575 silly reify   'C:\\Users\\kk\\Documents\\Codex\\2026-05-16\\https-vtuber-match-vercel-app-top\\.npm-cache\\_npx\\69f9afb961c37556\\node_modules\\.bin\\acorn.cmd': 'C:\\Users\\kk\\Documents\\Codex\\2026-05-16\\https-vtuber-match-vercel-app-top\\.npm-cache\\_npx\\69f9afb961c37556\\node_modules\\.bin\\.acorn.cmd-vUmwMaxU',
1575 silly reify   'C:\\Users\\kk\\Documents\\Codex\\2026-05-16\\https-vtuber-match-vercel-app-top\\.npm-cache\\_npx\\69f9afb961c37556\\node_modules\\.bin\\acorn.ps1': 'C:\\Users\\kk\\Documents\\Codex\\2026-05-16\\https-vtuber-match-vercel-app-top\\.npm-cache\\_npx\\69f9afb961c37556\\node_modules\\.bin\\.acorn.ps1-m2UPps33',
1575 silly reify   'C:\\Users\\kk\\Documents\\Codex\\2026-05-16\\https-vtuber-match-vercel-app-top\\.npm-cache\\_npx\\69f9afb961c37556\\node_modules\\asynckit': 'C:\\Users\\kk\\Documents\\Codex\\2026-05-16\\https-vtuber-match-vercel-app-top\\.npm-cache\\_npx\\69f9afb961c37556\\node_modules\\.asynckit-4sYSg749',
1575 silly reify   'C:\\Users\\kk\\Documents\\Codex\\2026-05-16\\https-vtuber-match-vercel-app-top\\.npm-cache\\_npx\\69f9afb961c37556\\node_modules\\bare-events': 'C:\\Users\\kk\\Documents\\Codex\\2026-05-16\\https-vtuber-match-vercel-app-top\\.npm-cache\\_npx\\69f9afb961c37556\\node_modules\\.bare-events-KQOtvSyo',
1575 silly reify   'C:\\Users\\kk\\Documents\\Codex\\2026-05-16\\https-vtuber-match-vercel-app-top\\.npm-cache\\_npx\\69f9afb961c37556\\node_modules\\brace-expansion': 'C:\\Users\\kk\\Documents\\Codex\\2026-05-16\\https-vtuber-match-vercel-app-top\\.npm-cache\\_npx\\69f9afb961c37556\\node_modules\\.brace-expansion-1GUPkJWv',
1575 silly reify   'C:\\Users\\kk\\Documents\\Codex\\2026-05-16\\https-vtuber-match-vercel-app-top\\.npm-cache\\_npx\\69f9afb961c37556\\node_modules\\call-bind-apply-helpers': 'C:\\Users\\kk\\Documents\\Codex\\2026-05-16\\https-vtuber-match-vercel-app-top\\.npm-cache\\_npx\\69f9afb961c37556\\node_modules\\.call-bind-apply-helpers-axFaELs5',
1575 silly reify   'C:\\Users\\kk\\Documents\\Codex\\2026-05-16\\https-vtuber-match-vercel-app-top\\.npm-cache\\_npx\\69f9afb961c37556\\node_modules\\combined-stream': 'C:\\Users\\kk\\Documents\\Codex\\2026-05-16\\https-vtuber-match-vercel-app-top\\.npm-cache\\_npx\\69f9afb961c37556\\node_modules\\.combined-stream-FkywoYeh',
1575 silly reify   'C:\\Users\\kk\\Documents\\Codex\\2026-05-16\\https-vtuber-match-vercel-app-top\\.npm-cache\\_npx\\69f9afb961c37556\\node_modules\\cookie-es': 'C:\\Users\\kk\\Documents\\Codex\\2026-05-16\\https-vtuber-match-vercel-app-top\\.npm-cache\\_npx\\69f9afb961c37556\\node_modules\\.cookie-es-EtmxlOQr',
1575 silly reify   'C:\\Users\\kk\\Documents\\Codex\\2026-05-16\\https-vtuber-match-vercel-app-top\\.npm-cache\\_npx\\69f9afb961c37556\\node_modules\\delayed-stream': 'C:\\Users\\kk\\Documents\\Codex\\2026-05-16\\https-vtuber-match-vercel-app-top\\.npm-cache\\_npx\\69f9afb961c37556\\node_modules\\.delayed-stream-vilNwNWe',
1575 silly reify   'C:\\Users\\kk\\Documents\\Codex\\2026-05-16\\https-vtuber-match-vercel-app-top\\.npm-cache\\_npx\\69f9afb961c37556\\node_modules\\dunder-proto': 'C:\\Users\\kk\\Documents\\Codex\\2026-05-16\\https-vtuber-match-vercel-app-top\\.npm-cache\\_npx\\69f9afb961c37556\\node_modules\\.dunder-proto-G2HhV0p7',
1575 silly reify   'C:\\Users\\kk\\Documents\\Codex\\2026-05-16\\https-vtuber-match-vercel-app-top\\.npm-cache\\_npx\\69f9afb961c37556\\node_modules\\es-define-property': 'C:\\Users\\kk\\Documents\\Codex\\2026-05-16\\https-vtuber-match-vercel-app-top\\.npm-cache\\_npx\\69f9afb961c37556\\node_modules\\.es-define-property-MhbyWx1L',
1575 silly reify   'C:\\Users\\kk\\Documents\\Codex\\2026-05-16\\https-vtuber-match-vercel-app-top\\.npm-cache\\_npx\\69f9afb961c37556\\node_modules\\es-errors': 'C:\\Users\\kk\\Documents\\Codex\\2026-05-16\\https-vtuber-match-vercel-app-top\\.npm-cache\\_npx\\69f9afb961c37556\\node_modules\\.es-errors-YLu7g3My',
1575 silly reify   'C:\\Users\\kk\\Documents\\Codex\\2026-05-16\\https-vtuber-match-vercel-app-top\\.npm-cache\\_npx\\69f9afb961c37556\\node_modules\\es-object-atoms': 'C:\\Users\\kk\\Documents\\Codex\\2026-05-16\\https-vtuber-match-vercel-app-top\\.npm-cache\\_npx\\69f9afb961c37556\\node_modules\\.es-object-atoms-pzyV2h7H',
1575 silly reify   'C:\\Users\\kk\\Documents\\Codex\\2026-05-16\\https-vtuber-match-vercel-app-top\\.npm-cache\\_npx\\69f9afb961c37556\\node_modules\\es-set-tostringtag': 'C:\\Users\\kk\\Documents\\Codex\\2026-05-16\\https-vtuber-match-vercel-app-top\\.npm-cache\\_npx\\69f9afb961c37556\\node_modules\\.es-set-tostringtag-60nZWaLY',
1575 silly reify   'C:\\Users\\kk\\Documents\\Codex\\2026-05-16\\https-vtuber-match-vercel-app-top\\.npm-cache\\_npx\\69f9afb961c37556\\node_modules\\form-data': 'C:\\Users\\kk\\Documents\\Codex\\2026-05-16\\https-vtuber-match-vercel-app-top\\.npm-cache\\_npx\\69f9afb961c37556\\node_modules\\.form-data-YM6kat10',
1575 silly reify   'C:\\Users\\kk\\Documents\\Codex\\2026-05-16\\https-vtuber-match-vercel-app-top\\.npm-cache\\_npx\\69f9afb961c37556\\node_modules\\function-bind': 'C:\\Users\\kk\\Documents\\Codex\\2026-05-16\\https-vtuber-match-vercel-app-top\\.npm-cache\\_npx\\69f9afb961c37556\\node_modules\\.function-bind-mi5yIrX6',
1575 silly reify   'C:\\Users\\kk\\Documents\\Codex\\2026-05-16\\https-vtuber-match-vercel-app-top\\.npm-cache\\_npx\\69f9afb961c37556\\node_modules\\get-intrinsic': 'C:\\Users\\kk\\Documents\\Codex\\2026-05-16\\https-vtuber-match-vercel-app-top\\.npm-cache\\_npx\\69f9afb961c37556\\node_modules\\.get-intrinsic-9pPHa7Zu',
1575 silly reify   'C:\\Users\\kk\\Documents\\Codex\\2026-05-16\\https-vtuber-match-vercel-app-top\\.npm-cache\\_npx\\69f9afb961c37556\\node_modules\\get-proto': 'C:\\Users\\kk\\Documents\\Codex\\2026-05-16\\https-vtuber-match-vercel-app-top\\.npm-cache\\_npx\\69f9afb961c37556\\node_modules\\.get-proto-o4wClxCm',
1575 silly reify   'C:\\Users\\kk\\Documents\\Codex\\2026-05-16\\https-vtuber-match-vercel-app-top\\.npm-cache\\_npx\\69f9afb961c37556\\node_modules\\glob\\node_modules\\brace-expansion': 'C:\\Users\\kk\\Documents\\Codex\\2026-05-16\\https-vtuber-match-vercel-app-top\\.npm-cache\\_npx\\69f9afb961c37556\\node_modules\\glob\\node_modules\\.brace-expansion-86rLMjbN',
1575 silly reify   'C:\\Users\\kk\\Documents\\Codex\\2026-05-16\\https-vtuber-match-vercel-app-top\\.npm-cache\\_npx\\69f9afb961c37556\\node_modules\\gopd': 'C:\\Users\\kk\\Documents\\Codex\\2026-05-16\\https-vtuber-match-vercel-app-top\\.npm-cache\\_npx\\69f9afb961c37556\\node_modules\\.gopd-pwY672nl',
1575 silly reify   'C:\\Users\\kk\\Documents\\Codex\\2026-05-16\\https-vtuber-match-vercel-app-top\\.npm-cache\\_npx\\69f9afb961c37556\\node_modules\\has-symbols': 'C:\\Users\\kk\\Documents\\Codex\\2026-05-16\\https-vtuber-match-vercel-app-top\\.npm-cache\\_npx\\69f9afb961c37556\\node_modules\\.has-symbols-eo2wEJHE',
1575 silly reify   'C:\\Users\\kk\\Documents\\Codex\\2026-05-16\\https-vtuber-match-vercel-app-top\\.npm-cache\\_npx\\69f9afb961c37556\\node_modules\\has-tostringtag': 'C:\\Users\\kk\\Documents\\Codex\\2026-05-16\\https-vtuber-match-vercel-app-top\\.npm-cache\\_npx\\69f9afb961c37556\\node_modules\\.has-tostringtag-4kRqf8ZH',
1575 silly reify   'C:\\Users\\kk\\Documents\\Codex\\2026-05-16\\https-vtuber-match-vercel-app-top\\.npm-cache\\_npx\\69f9afb961c37556\\node_modules\\hasown': 'C:\\Users\\kk\\Documents\\Codex\\2026-05-16\\https-vtuber-match-vercel-app-top\\.npm-cache\\_npx\\69f9afb961c37556\\node_modules\\.hasown-pLXvUWZ0',
1575 silly reify   'C:\\Users\\kk\\Documents\\Codex\\2026-05-16\\https-vtuber-match-vercel-app-top\\.npm-cache\\_npx\\69f9afb961c37556\\node_modules\\lru-cache': 'C:\\Users\\kk\\Documents\\Codex\\2026-05-16\\https-vtuber-match-vercel-app-top\\.npm-cache\\_npx\\69f9afb961c37556\\node_modules\\.lru-cache-ymUKetXI',
1575 silly reify   'C:\\Users\\kk\\Documents\\Codex\\2026-05-16\\https-vtuber-match-vercel-app-top\\.npm-cache\\_npx\\69f9afb961c37556\\node_modules\\math-intrinsics': 'C:\\Users\\kk\\Documents\\Codex\\2026-05-16\\https-vtuber-match-vercel-app-top\\.npm-cache\\_npx\\69f9afb961c37556\\node_modules\\.math-intrinsics-erI0XOU5',
1575 silly reify   'C:\\Users\\kk\\Documents\\Codex\\2026-05-16\\https-vtuber-match-vercel-app-top\\.npm-cache\\_npx\\69f9afb961c37556\\node_modules\\sandbox': 'C:\\Users\\kk\\Documents\\Codex\\2026-05-16\\https-vtuber-match-vercel-app-top\\.npm-cache\\_npx\\69f9afb961c37556\\node_modules\\.sandbox-EnYrHoOk',
1575 silly reify   'C:\\Users\\kk\\Documents\\Codex\\2026-05-16\\https-vtuber-match-vercel-app-top\\.npm-cache\\_npx\\69f9afb961c37556\\node_modules\\.bin\\sandbox': 'C:\\Users\\kk\\Documents\\Codex\\2026-05-16\\https-vtuber-match-vercel-app-top\\.npm-cache\\_npx\\69f9afb961c37556\\node_modules\\.bin\\.sandbox-vS6cf5R4',
1575 silly reify   'C:\\Users\\kk\\Documents\\Codex\\2026-05-16\\https-vtuber-match-vercel-app-top\\.npm-cache\\_npx\\69f9afb961c37556\\node_modules\\.bin\\sandbox.cmd': 'C:\\Users\\kk\\Documents\\Codex\\2026-05-16\\https-vtuber-match-vercel-app-top\\.npm-cache\\_npx\\69f9afb961c37556\\node_modules\\.bin\\.sandbox.cmd-bU8A6TFQ',
1575 silly reify   'C:\\Users\\kk\\Documents\\Codex\\2026-05-16\\https-vtuber-match-vercel-app-top\\.npm-cache\\_npx\\69f9afb961c37556\\node_modules\\.bin\\sandbox.ps1': 'C:\\Users\\kk\\Documents\\Codex\\2026-05-16\\https-vtuber-match-vercel-app-top\\.npm-cache\\_npx\\69f9afb961c37556\\node_modules\\.bin\\.sandbox.ps1-48s2Yv5z',
1575 silly reify   'C:\\Users\\kk\\Documents\\Codex\\2026-05-16\\https-vtuber-match-vercel-app-top\\.npm-cache\\_npx\\69f9afb961c37556\\node_modules\\.bin\\sbx': 'C:\\Users\\kk\\Documents\\Codex\\2026-05-16\\https-vtuber-match-vercel-app-top\\.npm-cache\\_npx\\69f9afb961c37556\\node_modules\\.bin\\.sbx-rRKqe7v4',
1575 silly reify   'C:\\Users\\kk\\Documents\\Codex\\2026-05-16\\https-vtuber-match-vercel-app-top\\.npm-cache\\_npx\\69f9afb961c37556\\node_modules\\.bin\\sbx.cmd': 'C:\\Users\\kk\\Documents\\Codex\\2026-05-16\\https-vtuber-match-vercel-app-top\\.npm-cache\\_npx\\69f9afb961c37556\\node_modules\\.bin\\.sbx.cmd-sDShj3TQ',
1575 silly reify   'C:\\Users\\kk\\Documents\\Codex\\2026-05-16\\https-vtuber-match-vercel-app-top\\.npm-cache\\_npx\\69f9afb961c37556\\node_modules\\.bin\\sbx.ps1': 'C:\\Users\\kk\\Documents\\Codex\\2026-05-16\\https-vtuber-match-vercel-app-top\\.npm-cache\\_npx\\69f9afb961c37556\\node_modules\\.bin\\.sbx.ps1-D4KacuOk',
1575 silly reify   'C:\\Users\\kk\\Documents\\Codex\\2026-05-16\\https-vtuber-match-vercel-app-top\\.npm-cache\\_npx\\69f9afb961c37556\\node_modules\\srvx': 'C:\\Users\\kk\\Documents\\Codex\\2026-05-16\\https-vtuber-match-vercel-app-top\\.npm-cache\\_npx\\69f9afb961c37556\\node_modules\\.srvx-reOUVLUB',
1575 silly reify   'C:\\Users\\kk\\Documents\\Codex\\2026-05-16\\https-vtuber-match-vercel-app-top\\.npm-cache\\_npx\\69f9afb961c37556\\node_modules\\.bin\\srvx': 'C:\\Users\\kk\\Documents\\Codex\\2026-05-16\\https-vtuber-match-vercel-app-top\\.npm-cache\\_npx\\69f9afb961c37556\\node_modules\\.bin\\.srvx-uKSQzSB8',
1575 silly reify   'C:\\Users\\kk\\Documents\\Codex\\2026-05-16\\https-vtuber-match-vercel-app-top\\.npm-cache\\_npx\\69f9afb961c37556\\node_modules\\.bin\\srvx.cmd': 'C:\\Users\\kk\\Documents\\Codex\\2026-05-16\\https-vtuber-match-vercel-app-top\\.npm-cache\\_npx\\69f9afb961c37556\\node_modules\\.bin\\.srvx.cmd-5wRpooUN',
1575 silly reify   'C:\\Users\\kk\\Documents\\Codex\\2026-05-16\\https-vtuber-match-vercel-app-top\\.npm-cache\\_npx\\69f9afb961c37556\\node_modules\\.bin\\srvx.ps1': 'C:\\Users\\kk\\Documents\\Codex\\2026-05-16\\https-vtuber-match-vercel-app-top\\.npm-cache\\_npx\\69f9afb961c37556\\node_modules\\.bin\\.srvx.ps1-EHHMsBJM',
1575 silly reify   'C:\\Users\\kk\\Documents\\Codex\\2026-05-16\\https-vtuber-match-vercel-app-top\\.npm-cache\\_npx\\69f9afb961c37556\\node_modules\\streamx': 'C:\\Users\\kk\\Documents\\Codex\\2026-05-16\\https-vtuber-match-vercel-app-top\\.npm-cache\\_npx\\69f9afb961c37556\\node_modules\\.streamx-iGWKm1sf',
1575 silly reify   'C:\\Users\\kk\\Documents\\Codex\\2026-05-16\\https-vtuber-match-vercel-app-top\\.npm-cache\\_npx\\69f9afb961c37556\\node_modules\\undici': 'C:\\Users\\kk\\Documents\\Codex\\2026-05-16\\https-vtuber-match-vercel-app-top\\.npm-cache\\_npx\\69f9afb961c37556\\node_modules\\.undici-NdNrN100',
1575 silly reify   'C:\\Users\\kk\\Documents\\Codex\\2026-05-16\\https-vtuber-match-vercel-app-top\\.npm-cache\\_npx\\69f9afb961c37556\\node_modules\\vercel': 'C:\\Users\\kk\\Documents\\Codex\\2026-05-16\\https-vtuber-match-vercel-app-top\\.npm-cache\\_npx\\69f9afb961c37556\\node_modules\\.vercel-ePyRW5CY',
1575 silly reify   'C:\\Users\\kk\\Documents\\Codex\\2026-05-16\\https-vtuber-match-vercel-app-top\\.npm-cache\\_npx\\69f9afb961c37556\\node_modules\\.bin\\vc': 'C:\\Users\\kk\\Documents\\Codex\\2026-05-16\\https-vtuber-match-vercel-app-top\\.npm-cache\\_npx\\69f9afb961c37556\\node_modules\\.bin\\.vc-8s0kUhPL',
1575 silly reify   'C:\\Users\\kk\\Documents\\Codex\\2026-05-16\\https-vtuber-match-vercel-app-top\\.npm-cache\\_npx\\69f9afb961c37556\\node_modules\\.bin\\vc.cmd': 'C:\\Users\\kk\\Documents\\Codex\\2026-05-16\\https-vtuber-match-vercel-app-top\\.npm-cache\\_npx\\69f9afb961c37556\\node_modules\\.bin\\.vc.cmd-EPTarLYr',
1575 silly reify   'C:\\Users\\kk\\Documents\\Codex\\2026-05-16\\https-vtuber-match-vercel-app-top\\.npm-cache\\_npx\\69f9afb961c37556\\node_modules\\.bin\\vc.ps1': 'C:\\Users\\kk\\Documents\\Codex\\2026-05-16\\https-vtuber-match-vercel-app-top\\.npm-cache\\_npx\\69f9afb961c37556\\node_modules\\.bin\\.vc.ps1-HCM5kw5h',
1575 silly reify   'C:\\Users\\kk\\Documents\\Codex\\2026-05-16\\https-vtuber-match-vercel-app-top\\.npm-cache\\_npx\\69f9afb961c37556\\node_modules\\.bin\\vercel': 'C:\\Users\\kk\\Documents\\Codex\\2026-05-16\\https-vtuber-match-vercel-app-top\\.npm-cache\\_npx\\69f9afb961c37556\\node_modules\\.bin\\.vercel-OjZqS1uD',
1575 silly reify   'C:\\Users\\kk\\Documents\\Codex\\2026-05-16\\https-vtuber-match-vercel-app-top\\.npm-cache\\_npx\\69f9afb961c37556\\node_modules\\.bin\\vercel.cmd': 'C:\\Users\\kk\\Documents\\Codex\\2026-05-16\\https-vtuber-match-vercel-app-top\\.npm-cache\\_npx\\69f9afb961c37556\\node_modules\\.bin\\.vercel.cmd-c6d8o1Wn',
1575 silly reify   'C:\\Users\\kk\\Documents\\Codex\\2026-05-16\\https-vtuber-match-vercel-app-top\\.npm-cache\\_npx\\69f9afb961c37556\\node_modules\\.bin\\vercel.ps1': 'C:\\Users\\kk\\Documents\\Codex\\2026-05-16\\https-vtuber-match-vercel-app-top\\.npm-cache\\_npx\\69f9afb961c37556\\node_modules\\.bin\\.vercel.ps1-few0Cdoz'
1575 silly reify }
1576 silly audit bulk request {
1576 silly audit   '@isaacs/fs-minipass': [ '4.0.1' ],
1576 silly audit   '@tootallnate/once': [ '2.0.0' ],
1576 silly audit   '@tootallnate/quickjs-emscripten': [ '0.23.0' ],
1576 silly audit   '@vercel/detect-agent': [ '1.2.3' ],
1576 silly audit   '@vercel/fun': [ '1.3.0' ],
1576 silly audit   'path-to-regexp': [ '8.2.0', '8.3.0', '6.1.0', '6.3.0' ],
1576 silly audit   'xdg-app-paths': [ '5.1.0', '5.5.1' ],
1576 silly audit   'async-listen': [ '1.2.0', '3.0.0', '3.0.1' ],
1576 silly audit   'node-fetch': [ '2.6.7', '2.6.9' ],
1576 silly audit   semver: [ '7.5.4', '6.3.1' ],
1576 silly audit   ms: [ '2.1.2', '2.1.1', '2.1.3' ],
1576 silly audit   'agent-base': [ '7.1.4' ],
1576 silly audit   'any-promise': [ '1.3.0' ],
1576 silly audit   arg: [ '4.1.0' ],
1576 silly audit   'ast-types': [ '0.13.4' ],
1576 silly audit   'basic-ftp': [ '5.3.1' ],
1576 silly audit   'buffer-crc32': [ '0.2.13' ],
1576 silly audit   bytes: [ '3.1.0' ],
1576 silly audit   chokidar: [ '4.0.0' ],
1576 silly audit   chownr: [ '3.0.0' ],
1576 silly audit   'content-type': [ '1.0.4' ],
1576 silly audit   'data-uri-to-buffer': [ '6.0.2' ],
1576 silly audit   debug: [ '4.3.4', '4.4.3' ],
1576 silly audit   degenerator: [ '5.0.1' ],
1576 silly audit   depd: [ '1.1.2' ],
1576 silly audit   'end-of-stream': [ '1.1.0', '1.4.5' ],
1576 silly audit   escodegen: [ '2.1.0' ],
1576 silly audit   esprima: [ '4.0.1' ],
1576 silly audit   estraverse: [ '5.3.0' ],
1576 silly audit   esutils: [ '2.0.3' ],
1576 silly audit   'events-intercept': [ '2.0.0' ],
1576 silly audit   'fd-slicer': [ '1.1.0' ],
1576 silly audit   'generic-pool': [ '3.4.2' ],
1576 silly audit   'get-uri': [ '6.0.5' ],
1576 silly audit   'http-errors': [ '1.7.3' ],
1576 silly audit   'http-proxy-agent': [ '7.0.2' ],
1576 silly audit   'https-proxy-agent': [ '7.0.6' ],
1576 silly audit   'iconv-lite': [ '0.4.24' ],
1576 silly audit   inherits: [ '2.0.4' ],
1576 silly audit   'ip-address': [ '10.2.0' ],
1576 silly audit   jose: [ '5.9.6', '6.2.3' ],
1576 silly audit   'lru-cache': [ '7.18.3', '6.0.0', '11.5.1' ],
1576 silly audit   luxon: [ '3.7.2' ],
1576 silly audit   micro: [ '9.3.5-canary.3' ],
1576 silly audit   minipass: [ '7.1.3' ],
1576 silly audit   minizlib: [ '3.1.0' ],
1576 silly audit   netmask: [ '2.1.1' ],
1576 silly audit   once: [ '1.3.3', '1.4.0' ],
1576 silly audit   'os-paths': [ '4.4.0' ],
1576 silly audit   'pac-proxy-agent': [ '7.2.0' ],
1576 silly audit   'pac-resolver': [ '7.0.1' ],
1576 silly audit   pend: [ '1.2.0' ],
1576 silly audit   promisepipe: [ '3.0.0' ],
1576 silly audit   'proxy-agent': [ '6.4.0' ],
1576 silly audit   'proxy-from-env': [ '1.1.0' ],
1576 silly audit   'raw-body': [ '2.4.1' ],
1576 silly audit   readdirp: [ '4.1.2' ],
1576 silly audit   'safer-buffer': [ '2.1.2' ],
1576 silly audit   yallist: [ '4.0.0', '5.0.0' ],
1576 silly audit   setprototypeof: [ '1.1.1' ],
1576 silly audit   'smart-buffer': [ '4.2.0' ],
1576 silly audit   socks: [ '2.8.9' ],
1576 silly audit   'socks-proxy-agent': [ '8.0.5' ],
1576 silly audit   'source-map': [ '0.6.1' ],
1576 silly audit   'stat-mode': [ '0.3.0' ],
1576 silly audit   statuses: [ '1.5.0' ],
1576 silly audit   'stream-to-array': [ '2.3.0' ],
1576 silly audit   'stream-to-promise': [ '2.2.0' ],
1576 silly audit   tar: [ '7.5.7' ],
1576 silly audit   tinyexec: [ '0.3.2' ],
1576 silly audit   toidentifier: [ '1.0.0' ],
1576 silly audit   tr46: [ '0.0.3' ],
1576 silly audit   'tree-kill': [ '1.2.2' ],
1576 silly audit   tslib: [ '2.8.1' ],
1576 silly audit   'uid-promise': [ '1.0.0' ],
1576 silly audit   unpipe: [ '1.0.0' ],
1576 silly audit   'webidl-conversions': [ '3.0.1' ],
1576 silly audit   'whatwg-url': [ '5.0.0' ],
1576 silly audit   wrappy: [ '1.0.2' ],
1576 silly audit   'xdg-portable': [ '7.3.0' ],
1576 silly audit   yauzl: [ '2.10.0' ],
1576 silly audit   'yauzl-clone': [ '1.0.4' ],
1576 silly audit   'yauzl-promise': [ '2.1.3' ],
1576 silly audit   vercel: [ '54.18.7' ],
1576 silly audit   '@vercel/backends': [ '0.8.21' ],
1576 silly audit   '@vercel/blob': [ '2.4.0' ],
1576 silly audit   '@vercel/build-utils': [ '13.32.2' ],
1576 silly audit   '@vercel/cli-auth': [ '0.3.0' ],
1576 silly audit   '@vercel/cli-config': [ '0.2.0' ],
1576 silly audit   '@vercel/container': [ '0.0.4' ],
1576 silly audit   '@vercel/elysia': [ '0.1.98' ],
1576 silly audit   '@vercel/express': [ '0.1.112' ],
1576 silly audit   '@vercel/fastify': [ '0.1.101' ],
1576 silly audit   '@vercel/go': [ '3.10.2' ],
1576 silly audit   '@vercel/h3': [ '0.1.107' ],
1576 silly audit   '@vercel/hono': [ '0.2.101' ],
1576 silly audit   '@vercel/hydrogen': [ '1.4.0' ],
1576 silly audit   '@vercel/koa': [ '0.1.81' ],
1576 silly audit   '@vercel/nestjs': [ '0.2.102' ],
1576 silly audit   '@vercel/next': [ '4.20.2' ],
1576 silly audit   '@vercel/node': [ '5.8.22' ],
1576 silly audit   '@vercel/prepare-flags-definitions': [ '0.3.0' ],
1576 silly audit   '@vercel/python': [ '6.47.3' ],
1576 silly audit   '@vercel/redwood': [ '2.5.0' ],
1576 silly audit   '@vercel/remix-builder': [ '5.9.1' ],
1576 silly audit   '@vercel/ruby': [ '2.5.1' ],
1576 silly audit   '@vercel/rust': [ '1.4.0' ],
1576 silly audit   '@vercel/static-build': [ '2.11.4' ],
1576 silly audit   esbuild: [ '0.27.0' ],
1576 silly audit   sandbox: [ '3.1.2' ],
1576 silly audit   'smol-toml': [ '1.5.2' ],
1576 silly audit   undici: [ '5.29.0', '6.27.0', '5.28.4', '7.28.0' ],
1576 silly audit   zod: [ '4.1.11', '3.22.4', '3.24.4' ],
1576 silly audit   '@vercel/nft': [ '1.10.0' ],
1576 silly audit   '@vercel/static-config': [ '3.4.0' ],
1576 silly audit   execa: [ '3.2.0', '5.1.1' ],
1576 silly audit   'fs-extra': [ '11.1.0', '11.1.1' ],
1576 silly audit   'get-port': [ '5.1.1' ],
1576 silly audit   'oxc-transform': [ '0.111.0' ],
1576 silly audit   'resolve.exports': [ '2.0.3' ],
1576 silly audit   rolldown: [ '1.0.0-rc.1' ],
1576 silly audit   srvx: [ '0.11.16' ],
1576 silly audit   'ts-morph': [ '12.0.0' ],
1576 silly audit   tsx: [ '4.21.0' ],
1576 silly audit   'async-retry': [ '1.3.3' ],
1576 silly audit   'is-buffer': [ '2.0.5' ],
1576 silly audit   'is-node-process': [ '1.2.0' ],
1576 silly audit   throttleit: [ '2.1.0' ],
1576 silly audit   '@vercel/python-analysis': [ '0.11.1' ],
1576 silly audit   'cjs-module-lexer': [ '1.2.3' ],
1576 silly audit   'es-module-lexer': [ '1.5.0', '1.4.1' ],
1576 silly audit   '@napi-rs/keyring': [ '1.2.0' ],
1576 silly audit   open: [ '8.4.0' ],
1576 silly audit   '@napi-rs/keyring-darwin-arm64': [ '1.2.0' ],
1576 silly audit   '@napi-rs/keyring-darwin-x64': [ '1.2.0' ],
1576 silly audit   '@napi-rs/keyring-freebsd-x64': [ '1.2.0' ],
1576 silly audit   '@napi-rs/keyring-linux-arm-gnueabihf': [ '1.2.0' ],
1576 silly audit   '@napi-rs/keyring-linux-arm64-gnu': [ '1.2.0' ],
1576 silly audit   '@napi-rs/keyring-linux-arm64-musl': [ '1.2.0' ],
1576 silly audit   '@napi-rs/keyring-linux-riscv64-gnu': [ '1.2.0' ],
1576 silly audit   '@napi-rs/keyring-linux-x64-gnu': [ '1.2.0' ],
1576 silly audit   '@napi-rs/keyring-linux-x64-musl': [ '1.2.0' ],
1576 silly audit   '@napi-rs/keyring-win32-arm64-msvc': [ '1.2.0' ],
1576 silly audit   '@napi-rs/keyring-win32-ia32-msvc': [ '1.2.0' ],
1576 silly audit   '@napi-rs/keyring-win32-x64-msvc': [ '1.2.0' ],
1576 silly audit   '@vercel/cervel': [ '0.1.29' ],
1576 silly audit   '@mapbox/node-pre-gyp': [ '2.0.3' ],
1576 silly audit   '@rollup/pluginutils': [ '5.4.0' ],
1576 silly audit   acorn: [ '8.17.0' ],
1576 silly audit   'acorn-import-attributes': [ '1.9.5' ],
1576 silly audit   'async-sema': [ '3.1.1' ],
1576 silly audit   bindings: [ '1.5.0' ],
1576 silly audit   'estree-walker': [ '2.0.2' ],
1576 silly audit   glob: [ '13.0.6' ],
1576 silly audit   'graceful-fs': [ '4.2.11' ],
1576 silly audit   'node-gyp-build': [ '4.8.4' ],
1576 silly audit   picomatch: [ '4.0.4', '2.3.2' ],
1576 silly audit   'resolve-from': [ '5.0.0' ],
1576 silly audit   consola: [ '3.4.2' ],
1576 silly audit   'detect-libc': [ '2.1.2' ],
1576 silly audit   nopt: [ '8.1.0' ],
1576 silly audit   '@types/estree': [ '1.0.9' ],
1576 silly audit   '@edge-runtime/node-utils': [ '2.3.0' ],
1576 silly audit   '@edge-runtime/primitives': [ '4.1.0' ],
1576 silly audit   '@edge-runtime/vm': [ '3.2.0' ],
1576 silly audit   '@types/node': [ '20.11.0' ],
1576 silly audit   '@vercel/error-utils': [ '2.2.0' ],
1576 silly audit   'edge-runtime': [ '2.5.9' ],
1576 silly audit   etag: [ '1.8.1' ],
1576 silly audit   'mime-types': [ '2.1.35' ],
1576 silly audit   typescript: [ '5.9.3' ],
1576 silly audit   'undici-types': [ '5.26.5' ],
1576 silly audit   '@bytecodealliance/preview2-shim': [ '0.17.6' ],
1576 silly audit   '@renovatebot/pep440': [ '4.2.1' ],
1576 silly audit   'js-yaml': [ '4.1.1' ],
1576 silly audit   minimatch: [ '10.1.1', '10.2.5', '3.1.5' ],
1576 silly audit   '@vercel/gatsby-plugin-vercel-analytics': [ '1.0.11' ],
1576 silly audit   '@vercel/gatsby-plugin-vercel-builder': [ '2.2.24' ],
1576 silly audit   'web-vitals': [ '0.2.4' ],
1576 silly audit   '@sinclair/typebox': [ '0.25.24' ],
1576 silly audit   ajv: [ '8.6.3' ],
1576 silly audit   'json-schema-to-ts': [ '1.6.4' ],
1576 silly audit   'fast-deep-equal': [ '3.1.3' ],
1576 silly audit   'json-schema-traverse': [ '1.0.0' ],
1576 silly audit   'require-from-string': [ '2.0.2' ],
1576 silly audit   'uri-js': [ '4.4.1' ],
1576 silly audit   retry: [ '0.13.1' ],
1576 silly audit   'file-uri-to-path': [ '1.0.0' ],
1576 silly audit   '@edge-runtime/format': [ '2.2.1' ],
1576 silly audit   '@edge-runtime/ponyfill': [ '2.4.2' ],
1576 silly audit   mri: [ '1.2.0' ],
1576 silly audit   picocolors: [ '1.0.0', '1.1.1' ],
1576 silly audit   'pretty-ms': [ '7.0.1' ],
1576 silly audit   'signal-exit': [ '4.0.2', '3.0.7' ],
1576 silly audit   'time-span': [ '4.0.0' ],
1576 silly audit   '@esbuild/aix-ppc64': [ '0.27.0' ],
1576 silly audit   '@esbuild/android-arm': [ '0.27.0' ],
1576 silly audit   '@esbuild/android-arm64': [ '0.27.0' ],
1576 silly audit   '@esbuild/android-x64': [ '0.27.0' ],
1576 silly audit   '@esbuild/darwin-arm64': [ '0.27.0' ],
1576 silly audit   '@esbuild/darwin-x64': [ '0.27.0' ],
1576 silly audit   '@esbuild/freebsd-arm64': [ '0.27.0' ],
1576 silly audit   '@esbuild/freebsd-x64': [ '0.27.0' ],
1576 silly audit   '@esbuild/linux-arm': [ '0.27.0' ],
1576 silly audit   '@esbuild/linux-arm64': [ '0.27.0' ],
1576 silly audit   '@esbuild/linux-ia32': [ '0.27.0' ],
1576 silly audit   '@esbuild/linux-loong64': [ '0.27.0' ],
1576 silly audit   '@esbuild/linux-mips64el': [ '0.27.0' ],
1576 silly audit   '@esbuild/linux-ppc64': [ '0.27.0' ],
1576 silly audit   '@esbuild/linux-riscv64': [ '0.27.0' ],
1576 silly audit   '@esbuild/linux-s390x': [ '0.27.0' ],
1576 silly audit   '@esbuild/linux-x64': [ '0.27.0' ],
1576 silly audit   '@esbuild/netbsd-arm64': [ '0.27.0' ],
1576 silly audit   '@esbuild/netbsd-x64': [ '0.27.0' ],
1576 silly audit   '@esbuild/openbsd-arm64': [ '0.27.0' ],
1576 silly audit   '@esbuild/openbsd-x64': [ '0.27.0' ],
1576 silly audit   '@esbuild/openharmony-arm64': [ '0.27.0' ],
1576 silly audit   '@esbuild/sunos-x64': [ '0.27.0' ],
1576 silly audit   '@esbuild/win32-arm64': [ '0.27.0' ],
1576 silly audit   '@esbuild/win32-ia32': [ '0.27.0' ],
1576 silly audit   '@esbuild/win32-x64': [ '0.27.0' ],
1576 silly audit   'cross-spawn': [ '7.0.6' ],
1576 silly audit   'get-stream': [ '5.2.0', '6.0.1' ],
1576 silly audit   'human-signals': [ '1.1.1', '2.1.0' ],
1576 silly audit   'is-stream': [ '2.0.1' ],
1576 silly audit   'merge-stream': [ '2.0.0' ],
1576 silly audit   'npm-run-path': [ '4.0.1' ],
1576 silly audit   onetime: [ '5.1.2' ],
1576 silly audit   'p-finally': [ '2.0.1' ],
1576 silly audit   'strip-final-newline': [ '2.0.0' ],
1576 silly audit   'path-key': [ '3.1.1' ],
1576 silly audit   'shebang-command': [ '2.0.0' ],
1576 silly audit   which: [ '2.0.2' ],
1576 silly audit   jsonfile: [ '6.2.1' ],
1576 silly audit   universalify: [ '2.0.1' ],
1576 silly audit   pump: [ '3.0.4' ],
1576 silly audit   'path-scurry': [ '2.0.2' ],
1576 silly audit   argparse: [ '2.0.1' ],
1576 silly audit   '@types/json-schema': [ '7.0.15' ],
1576 silly audit   'ts-toolbelt': [ '6.15.5' ],
1576 silly audit   'mime-db': [ '1.52.0' ],
1576 silly audit   '@isaacs/brace-expansion': [ '5.0.1' ],
1576 silly audit   '@isaacs/balanced-match': [ '4.0.1' ],
1576 silly audit   abbrev: [ '3.0.1' ],
1576 silly audit   'mimic-fn': [ '2.1.0' ],
1576 silly audit   'define-lazy-prop': [ '2.0.0' ],
1576 silly audit   'is-docker': [ '2.2.1' ],
1576 silly audit   'is-wsl': [ '2.2.0' ],
1576 silly audit   '@oxc-transform/binding-android-arm-eabi': [ '0.111.0' ],
1576 silly audit   '@oxc-transform/binding-android-arm64': [ '0.111.0' ],
1576 silly audit   '@oxc-transform/binding-darwin-arm64': [ '0.111.0' ],
1576 silly audit   '@oxc-transform/binding-darwin-x64': [ '0.111.0' ],
1576 silly audit   '@oxc-transform/binding-freebsd-x64': [ '0.111.0' ],
1576 silly audit   '@oxc-transform/binding-linux-arm-gnueabihf': [ '0.111.0' ],
1576 silly audit   '@oxc-transform/binding-linux-arm-musleabihf': [ '0.111.0' ],
1576 silly audit   '@oxc-transform/binding-linux-arm64-gnu': [ '0.111.0' ],
1576 silly audit   '@oxc-transform/binding-linux-arm64-musl': [ '0.111.0' ],
1576 silly audit   '@oxc-transform/binding-linux-ppc64-gnu': [ '0.111.0' ],
1576 silly audit   '@oxc-transform/binding-linux-riscv64-gnu': [ '0.111.0' ],
1576 silly audit   '@oxc-transform/binding-linux-riscv64-musl': [ '0.111.0' ],
1576 silly audit   '@oxc-transform/binding-linux-s390x-gnu': [ '0.111.0' ],
1576 silly audit   '@oxc-transform/binding-linux-x64-gnu': [ '0.111.0' ],
1576 silly audit   '@oxc-transform/binding-linux-x64-musl': [ '0.111.0' ],
1576 silly audit   '@oxc-transform/binding-openharmony-arm64': [ '0.111.0' ],
1576 silly audit   '@oxc-transform/binding-wasm32-wasi': [ '0.111.0' ],
1576 silly audit   '@oxc-transform/binding-win32-arm64-msvc': [ '0.111.0' ],
1576 silly audit   '@oxc-transform/binding-win32-ia32-msvc': [ '0.111.0' ],
1576 silly audit   '@oxc-transform/binding-win32-x64-msvc': [ '0.111.0' ],
1576 silly audit   '@napi-rs/wasm-runtime': [ '1.1.6' ],
1576 silly audit   '@emnapi/core': [ '1.11.1' ],
1576 silly audit   '@emnapi/runtime': [ '1.11.1' ],
1576 silly audit   '@emnapi/wasi-threads': [ '1.2.2' ],
1576 silly audit   '@tybys/wasm-util': [ '0.10.3' ],
1576 silly audit   'parse-ms': [ '2.1.0' ],
1576 silly audit   '@oxc-project/types': [ '0.110.0' ],
1576 silly audit   '@rolldown/binding-android-arm64': [ '1.0.0-rc.1' ],
1576 silly audit   '@rolldown/binding-darwin-arm64': [ '1.0.0-rc.1' ],
1576 silly audit   '@rolldown/binding-darwin-x64': [ '1.0.0-rc.1' ],
1576 silly audit   '@rolldown/binding-freebsd-x64': [ '1.0.0-rc.1' ],
1576 silly audit   '@rolldown/binding-linux-arm-gnueabihf': [ '1.0.0-rc.1' ],
1576 silly audit   '@rolldown/binding-linux-arm64-gnu': [ '1.0.0-rc.1' ],
1576 silly audit   '@rolldown/binding-linux-arm64-musl': [ '1.0.0-rc.1' ],
1576 silly audit   '@rolldown/binding-linux-x64-gnu': [ '1.0.0-rc.1' ],
1576 silly audit   '@rolldown/binding-linux-x64-musl': [ '1.0.0-rc.1' ],
1576 silly audit   '@rolldown/binding-openharmony-arm64': [ '1.0.0-rc.1' ],
1576 silly audit   '@rolldown/binding-wasm32-wasi': [ '1.0.0-rc.1' ],
1576 silly audit   '@rolldown/binding-win32-arm64-msvc': [ '1.0.0-rc.1' ],
1576 silly audit   '@rolldown/binding-win32-x64-msvc': [ '1.0.0-rc.1' ],
1576 silly audit   '@rolldown/pluginutils': [ '1.0.0-rc.1' ],
1576 silly audit   '@vercel/sandbox': [ '2.1.1' ],
1576 silly audit   '@vercel/oidc': [ '3.2.0' ],
1576 silly audit   '@workflow/serde': [ '4.1.0-beta.2' ],
1576 silly audit   jsonlines: [ '0.1.1' ],
1576 silly audit   'tar-stream': [ '3.1.7' ],
1576 silly audit   'shebang-regex': [ '3.0.0' ],
1576 silly audit   b4a: [ '1.8.1' ],
1576 silly audit   'fast-fifo': [ '1.3.2' ],
1576 silly audit   streamx: [ '2.28.0' ],
1576 silly audit   'events-universal': [ '1.0.1' ],
1576 silly audit   'text-decoder': [ '1.2.7' ],
1576 silly audit   'bare-events': [ '2.9.1' ],
1576 silly audit   'convert-hrtime': [ '3.0.0' ],
1576 silly audit   '@ts-morph/common': [ '0.11.1' ],
1576 silly audit   'code-block-writer': [ '10.1.1' ],
1576 silly audit   'fast-glob': [ '3.3.3' ],
1576 silly audit   mkdirp: [ '1.0.4' ],
1576 silly audit   'path-browserify': [ '1.0.1' ],
1576 silly audit   '@nodelib/fs.stat': [ '2.0.5' ],
1576 silly audit   '@nodelib/fs.walk': [ '1.2.8' ],
1576 silly audit   'glob-parent': [ '5.1.2' ],
1576 silly audit   merge2: [ '1.4.1' ],
1576 silly audit   micromatch: [ '4.0.8' ],
1576 silly audit   '@nodelib/fs.scandir': [ '2.1.5' ],
1576 silly audit   fastq: [ '1.20.1' ],
1576 silly audit   'run-parallel': [ '1.2.0' ],
1576 silly audit   reusify: [ '1.1.0' ],
1576 silly audit   'is-glob': [ '4.0.3' ],
1576 silly audit   'is-extglob': [ '2.1.1' ],
1576 silly audit   braces: [ '3.0.3' ],
1576 silly audit   'fill-range': [ '7.1.1' ],
1576 silly audit   'to-regex-range': [ '5.0.1' ],
1576 silly audit   'queue-microtask': [ '1.2.3' ],
1576 silly audit   'is-number': [ '7.0.0' ],
1576 silly audit   fsevents: [ '2.3.3' ],
1576 silly audit   'get-tsconfig': [ '4.14.0' ],
1576 silly audit   'resolve-pkg-maps': [ '1.0.0' ],
1576 silly audit   '@fastify/busboy': [ '2.1.1' ],
1576 silly audit   punycode: [ '2.3.1' ],
1576 silly audit   isexe: [ '2.0.0' ],
1576 silly audit   'brace-expansion': [ '1.1.15', '5.0.7' ],
1576 silly audit   'balanced-match': [ '1.0.2', '4.0.4' ],
1576 silly audit   'concat-map': [ '0.0.1' ]
1576 silly audit }
1577 http cache @napi-rs/keyring-win32-x64-msvc@https://registry.npmjs.org/@napi-rs/keyring-win32-x64-msvc/-/keyring-win32-x64-msvc-1.2.0.tgz 0ms (cache hit)
1578 http cache is-wsl@https://registry.npmjs.org/is-wsl/-/is-wsl-2.2.0.tgz 0ms (cache hit)
1579 http cache @workflow/serde@https://registry.npmjs.org/@workflow/serde/-/serde-4.1.0-beta.2.tgz 0ms (cache hit)
1580 http cache is-docker@https://registry.npmjs.org/is-docker/-/is-docker-2.2.1.tgz 0ms (cache hit)
1581 http cache @napi-rs/keyring@https://registry.npmjs.org/@napi-rs/keyring/-/keyring-1.2.0.tgz 0ms (cache hit)
1582 http cache open@https://registry.npmjs.org/open/-/open-8.4.0.tgz 0ms (cache hit)
1583 http cache define-lazy-prop@https://registry.npmjs.org/define-lazy-prop/-/define-lazy-prop-2.0.0.tgz 0ms (cache hit)
1584 http cache @vercel/container@https://registry.npmjs.org/@vercel/container/-/container-0.0.4.tgz 0ms (cache hit)
1585 http cache vercel@https://registry.npmjs.org/vercel/-/vercel-54.18.7.tgz 0ms (cache hit)
1586 http cache @vercel/cli-auth@https://registry.npmjs.org/@vercel/cli-auth/-/cli-auth-0.3.0.tgz 0ms (cache hit)
1587 http cache srvx@https://registry.npmjs.org/srvx/-/srvx-0.11.16.tgz 0ms (cache hit)
1588 http cache get-port@https://registry.npmjs.org/get-port/-/get-port-5.1.1.tgz 0ms (cache hit)
1589 http cache undici@https://registry.npmjs.org/undici/-/undici-5.29.0.tgz 0ms (cache hit)
1590 http cache streamx@https://registry.npmjs.org/streamx/-/streamx-2.28.0.tgz 0ms (cache hit)
1591 http cache brace-expansion@https://registry.npmjs.org/brace-expansion/-/brace-expansion-1.1.15.tgz 0ms (cache hit)
1592 http cache sandbox@https://registry.npmjs.org/sandbox/-/sandbox-3.1.2.tgz 0ms (cache hit)
1593 http cache bare-events@https://registry.npmjs.org/bare-events/-/bare-events-2.9.1.tgz 0ms (cache hit)
1594 http cache @vercel/static-config@https://registry.npmjs.org/@vercel/static-config/-/static-config-3.4.0.tgz 0ms (cache hit)
1595 http cache lru-cache@https://registry.npmjs.org/lru-cache/-/lru-cache-11.5.1.tgz 0ms (cache hit)
1596 http cache acorn@https://registry.npmjs.org/acorn/-/acorn-8.17.0.tgz 0ms (cache hit)
1597 http cache @vercel/sandbox@https://registry.npmjs.org/@vercel/sandbox/-/sandbox-2.1.1.tgz 0ms (cache hit)
1598 http cache @vercel/static-build@https://registry.npmjs.org/@vercel/static-build/-/static-build-2.11.4.tgz 0ms (cache hit)
1599 http cache @vercel/remix-builder@https://registry.npmjs.org/@vercel/remix-builder/-/remix-builder-5.9.1.tgz 0ms (cache hit)
1600 http cache @vercel/ruby@https://registry.npmjs.org/@vercel/ruby/-/ruby-2.5.1.tgz 0ms (cache hit)
1601 http cache @vercel/python@https://registry.npmjs.org/@vercel/python/-/python-6.47.3.tgz 0ms (cache hit)
1602 http cache @vercel/node@https://registry.npmjs.org/@vercel/node/-/node-5.8.22.tgz 0ms (cache hit)
1603 http cache @vercel/redwood@https://registry.npmjs.org/@vercel/redwood/-/redwood-2.5.0.tgz 0ms (cache hit)
1604 http cache @vercel/rust@https://registry.npmjs.org/@vercel/rust/-/rust-1.4.0.tgz 0ms (cache hit)
1605 http cache @vercel/prepare-flags-definitions@https://registry.npmjs.org/@vercel/prepare-flags-definitions/-/prepare-flags-definitions-0.3.0.tgz 0ms (cache hit)
1606 http cache @vercel/next@https://registry.npmjs.org/@vercel/next/-/next-4.20.2.tgz 0ms (cache hit)
1607 http cache @vercel/hydrogen@https://registry.npmjs.org/@vercel/hydrogen/-/hydrogen-1.4.0.tgz 0ms (cache hit)
1608 http cache @vercel/koa@https://registry.npmjs.org/@vercel/koa/-/koa-0.1.81.tgz 0ms (cache hit)
1609 http cache @vercel/hono@https://registry.npmjs.org/@vercel/hono/-/hono-0.2.101.tgz 0ms (cache hit)
1610 http cache @vercel/h3@https://registry.npmjs.org/@vercel/h3/-/h3-0.1.107.tgz 0ms (cache hit)
1611 http cache @vercel/nft@https://registry.npmjs.org/@vercel/nft/-/nft-1.10.0.tgz 0ms (cache hit)
1612 http cache @vercel/go@https://registry.npmjs.org/@vercel/go/-/go-3.10.2.tgz 0ms (cache hit)
1613 http cache @vercel/nestjs@https://registry.npmjs.org/@vercel/nestjs/-/nestjs-0.2.102.tgz 0ms (cache hit)
1614 http cache @vercel/fastify@https://registry.npmjs.org/@vercel/fastify/-/fastify-0.1.101.tgz 0ms (cache hit)
1615 http cache @vercel/express@https://registry.npmjs.org/@vercel/express/-/express-0.1.112.tgz 0ms (cache hit)
1616 http cache @vercel/error-utils@https://registry.npmjs.org/@vercel/error-utils/-/error-utils-2.2.0.tgz 0ms (cache hit)
1617 http cache @vercel/elysia@https://registry.npmjs.org/@vercel/elysia/-/elysia-0.1.98.tgz 1ms (cache hit)
1618 http cache @vercel/gatsby-plugin-vercel-builder@https://registry.npmjs.org/@vercel/gatsby-plugin-vercel-builder/-/gatsby-plugin-vercel-builder-2.2.24.tgz 0ms (cache hit)
1619 http cache @vercel/cervel@https://registry.npmjs.org/@vercel/cervel/-/cervel-0.1.29.tgz 0ms (cache hit)
1620 http cache @vercel/build-utils@https://registry.npmjs.org/@vercel/build-utils/-/build-utils-13.32.2.tgz 0ms (cache hit)
1621 http cache @vercel/cli-config@https://registry.npmjs.org/@vercel/cli-config/-/cli-config-0.2.0.tgz 0ms (cache hit)
1622 http cache @napi-rs/wasm-runtime@https://registry.npmjs.org/@napi-rs/wasm-runtime/-/wasm-runtime-1.1.6.tgz 0ms (cache hit)
1623 http cache @vercel/backends@https://registry.npmjs.org/@vercel/backends/-/backends-0.8.21.tgz 0ms (cache hit)
1624 http cache @emnapi/wasi-threads@https://registry.npmjs.org/@emnapi/wasi-threads/-/wasi-threads-1.2.2.tgz 0ms (cache hit)
1625 http cache @vercel/blob@https://registry.npmjs.org/@vercel/blob/-/blob-2.4.0.tgz 0ms (cache hit)
1626 http cache @emnapi/core@https://registry.npmjs.org/@emnapi/core/-/core-1.11.1.tgz 0ms (cache hit)
1627 http cache @tybys/wasm-util@https://registry.npmjs.org/@tybys/wasm-util/-/wasm-util-0.10.3.tgz 0ms (cache hit)
1628 http cache @emnapi/runtime@https://registry.npmjs.org/@emnapi/runtime/-/runtime-1.11.1.tgz 0ms (cache hit)
1629 http cache @rollup/pluginutils@https://registry.npmjs.org/@rollup/pluginutils/-/pluginutils-5.4.0.tgz 0ms (cache hit)
1630 http cache jose@https://registry.npmjs.org/jose/-/jose-6.2.3.tgz 0ms (cache hit)
1631 http cache brace-expansion@https://registry.npmjs.org/brace-expansion/-/brace-expansion-5.0.7.tgz 0ms (cache hit)
1632 silly tarball no local data for @napi-rs/keyring-win32-x64-msvc@https://registry.npmjs.org/@napi-rs/keyring-win32-x64-msvc/-/keyring-win32-x64-msvc-1.2.0.tgz. Extracting by manifest.
1633 silly tarball no local data for is-wsl@https://registry.npmjs.org/is-wsl/-/is-wsl-2.2.0.tgz. Extracting by manifest.
1634 http cache undici@https://registry.npmjs.org/undici/-/undici-7.28.0.tgz 0ms (cache hit)
1635 silly tarball no local data for @workflow/serde@https://registry.npmjs.org/@workflow/serde/-/serde-4.1.0-beta.2.tgz. Extracting by manifest.
1636 silly tarball no local data for is-docker@https://registry.npmjs.org/is-docker/-/is-docker-2.2.1.tgz. Extracting by manifest.
1637 silly tarball no local data for @napi-rs/keyring@https://registry.npmjs.org/@napi-rs/keyring/-/keyring-1.2.0.tgz. Extracting by manifest.
1638 silly tarball no local data for open@https://registry.npmjs.org/open/-/open-8.4.0.tgz. Extracting by manifest.
1639 silly tarball no local data for define-lazy-prop@https://registry.npmjs.org/define-lazy-prop/-/define-lazy-prop-2.0.0.tgz. Extracting by manifest.
1640 silly tarball no local data for @vercel/container@https://registry.npmjs.org/@vercel/container/-/container-0.0.4.tgz. Extracting by manifest.
1641 silly tarball no local data for vercel@https://registry.npmjs.org/vercel/-/vercel-54.18.7.tgz. Extracting by manifest.
1642 silly tarball no local data for @vercel/cli-auth@https://registry.npmjs.org/@vercel/cli-auth/-/cli-auth-0.3.0.tgz. Extracting by manifest.
1643 silly tarball no local data for srvx@https://registry.npmjs.org/srvx/-/srvx-0.11.16.tgz. Extracting by manifest.
1644 silly tarball no local data for get-port@https://registry.npmjs.org/get-port/-/get-port-5.1.1.tgz. Extracting by manifest.
1645 silly tarball no local data for undici@https://registry.npmjs.org/undici/-/undici-5.29.0.tgz. Extracting by manifest.
1646 silly tarball no local data for streamx@https://registry.npmjs.org/streamx/-/streamx-2.28.0.tgz. Extracting by manifest.
1647 silly tarball no local data for brace-expansion@https://registry.npmjs.org/brace-expansion/-/brace-expansion-1.1.15.tgz. Extracting by manifest.
1648 silly tarball no local data for sandbox@https://registry.npmjs.org/sandbox/-/sandbox-3.1.2.tgz. Extracting by manifest.
1649 silly tarball no local data for bare-events@https://registry.npmjs.org/bare-events/-/bare-events-2.9.1.tgz. Extracting by manifest.
1650 silly tarball no local data for @vercel/static-config@https://registry.npmjs.org/@vercel/static-config/-/static-config-3.4.0.tgz. Extracting by manifest.
1651 http cache undici@https://registry.npmjs.org/undici/-/undici-6.27.0.tgz 0ms (cache hit)
1652 silly tarball no local data for lru-cache@https://registry.npmjs.org/lru-cache/-/lru-cache-11.5.1.tgz. Extracting by manifest.
1653 silly tarball no local data for acorn@https://registry.npmjs.org/acorn/-/acorn-8.17.0.tgz. Extracting by manifest.
1654 silly tarball no local data for @vercel/sandbox@https://registry.npmjs.org/@vercel/sandbox/-/sandbox-2.1.1.tgz. Extracting by manifest.
1655 silly tarball no local data for @vercel/static-build@https://registry.npmjs.org/@vercel/static-build/-/static-build-2.11.4.tgz. Extracting by manifest.
1656 http cache async-listen@https://registry.npmjs.org/async-listen/-/async-listen-3.0.0.tgz 0ms (cache hit)
1657 silly tarball no local data for @vercel/remix-builder@https://registry.npmjs.org/@vercel/remix-builder/-/remix-builder-5.9.1.tgz. Extracting by manifest.
1658 silly tarball no local data for @vercel/ruby@https://registry.npmjs.org/@vercel/ruby/-/ruby-2.5.1.tgz. Extracting by manifest.
1659 silly tarball no local data for @vercel/python@https://registry.npmjs.org/@vercel/python/-/python-6.47.3.tgz. Extracting by manifest.
1660 silly tarball no local data for @vercel/node@https://registry.npmjs.org/@vercel/node/-/node-5.8.22.tgz. Extracting by manifest.
1661 silly tarball no local data for @vercel/redwood@https://registry.npmjs.org/@vercel/redwood/-/redwood-2.5.0.tgz. Extracting by manifest.
1662 silly tarball no local data for @vercel/rust@https://registry.npmjs.org/@vercel/rust/-/rust-1.4.0.tgz. Extracting by manifest.
1663 silly tarball no local data for @vercel/prepare-flags-definitions@https://registry.npmjs.org/@vercel/prepare-flags-definitions/-/prepare-flags-definitions-0.3.0.tgz. Extracting by manifest.
1664 silly tarball no local data for @vercel/next@https://registry.npmjs.org/@vercel/next/-/next-4.20.2.tgz. Extracting by manifest.
1665 silly tarball no local data for @vercel/hydrogen@https://registry.npmjs.org/@vercel/hydrogen/-/hydrogen-1.4.0.tgz. Extracting by manifest.
1666 silly tarball no local data for @vercel/koa@https://registry.npmjs.org/@vercel/koa/-/koa-0.1.81.tgz. Extracting by manifest.
1667 silly tarball no local data for @vercel/hono@https://registry.npmjs.org/@vercel/hono/-/hono-0.2.101.tgz. Extracting by manifest.
1668 silly tarball no local data for @vercel/h3@https://registry.npmjs.org/@vercel/h3/-/h3-0.1.107.tgz. Extracting by manifest.
1669 silly tarball no local data for @vercel/nft@https://registry.npmjs.org/@vercel/nft/-/nft-1.10.0.tgz. Extracting by manifest.
1670 silly tarball no local data for @vercel/go@https://registry.npmjs.org/@vercel/go/-/go-3.10.2.tgz. Extracting by manifest.
1671 silly tarball no local data for @vercel/nestjs@https://registry.npmjs.org/@vercel/nestjs/-/nestjs-0.2.102.tgz. Extracting by manifest.
1672 silly tarball no local data for @vercel/fastify@https://registry.npmjs.org/@vercel/fastify/-/fastify-0.1.101.tgz. Extracting by manifest.
1673 silly tarball no local data for @vercel/express@https://registry.npmjs.org/@vercel/express/-/express-0.1.112.tgz. Extracting by manifest.
1674 silly tarball no local data for @vercel/error-utils@https://registry.npmjs.org/@vercel/error-utils/-/error-utils-2.2.0.tgz. Extracting by manifest.
1675 silly tarball no local data for @vercel/gatsby-plugin-vercel-builder@https://registry.npmjs.org/@vercel/gatsby-plugin-vercel-builder/-/gatsby-plugin-vercel-builder-2.2.24.tgz. Extracting by manifest.
1676 silly tarball no local data for @vercel/elysia@https://registry.npmjs.org/@vercel/elysia/-/elysia-0.1.98.tgz. Extracting by manifest.
1677 silly tarball no local data for @vercel/cervel@https://registry.npmjs.org/@vercel/cervel/-/cervel-0.1.29.tgz. Extracting by manifest.
1678 silly tarball no local data for @vercel/build-utils@https://registry.npmjs.org/@vercel/build-utils/-/build-utils-13.32.2.tgz. Extracting by manifest.
1679 silly tarball no local data for @vercel/cli-config@https://registry.npmjs.org/@vercel/cli-config/-/cli-config-0.2.0.tgz. Extracting by manifest.
1680 silly tarball no local data for @napi-rs/wasm-runtime@https://registry.npmjs.org/@napi-rs/wasm-runtime/-/wasm-runtime-1.1.6.tgz. Extracting by manifest.
1681 silly tarball no local data for @vercel/backends@https://registry.npmjs.org/@vercel/backends/-/backends-0.8.21.tgz. Extracting by manifest.
1682 silly tarball no local data for @emnapi/wasi-threads@https://registry.npmjs.org/@emnapi/wasi-threads/-/wasi-threads-1.2.2.tgz. Extracting by manifest.
1683 silly tarball no local data for @vercel/blob@https://registry.npmjs.org/@vercel/blob/-/blob-2.4.0.tgz. Extracting by manifest.
1684 silly tarball no local data for @emnapi/core@https://registry.npmjs.org/@emnapi/core/-/core-1.11.1.tgz. Extracting by manifest.
1685 silly tarball no local data for @tybys/wasm-util@https://registry.npmjs.org/@tybys/wasm-util/-/wasm-util-0.10.3.tgz. Extracting by manifest.
1686 silly tarball no local data for @emnapi/runtime@https://registry.npmjs.org/@emnapi/runtime/-/runtime-1.11.1.tgz. Extracting by manifest.
1687 silly tarball no local data for @rollup/pluginutils@https://registry.npmjs.org/@rollup/pluginutils/-/pluginutils-5.4.0.tgz. Extracting by manifest.
1688 silly tarball no local data for jose@https://registry.npmjs.org/jose/-/jose-6.2.3.tgz. Extracting by manifest.
1689 silly tarball no local data for brace-expansion@https://registry.npmjs.org/brace-expansion/-/brace-expansion-5.0.7.tgz. Extracting by manifest.
1690 silly tarball no local data for undici@https://registry.npmjs.org/undici/-/undici-7.28.0.tgz. Extracting by manifest.
1691 silly tarball no local data for undici@https://registry.npmjs.org/undici/-/undici-6.27.0.tgz. Extracting by manifest.
1692 http fetch POST 200 https://registry.npmjs.org/-/npm/v1/security/advisories/bulk 297ms
1693 silly audit report {
1693 silly audit report   '@tootallnate/once': [
1693 silly audit report     {
1693 silly audit report       id: 1119438,
1693 silly audit report       url: 'https://github.com/advisories/GHSA-vpq2-c234-7xj6',
1693 silly audit report       title: '@tootallnate/once vulnerable to Incorrect Control Flow Scoping',
1693 silly audit report       severity: 'low',
1693 silly audit report       vulnerable_versions: '<2.0.1',
1693 silly audit report       cwe: [Array],
1693 silly audit report       cvss: [Object]
1693 silly audit report     }
1693 silly audit report   ],
1693 silly audit report   'path-to-regexp': [
1693 silly audit report     {
1693 silly audit report       id: 1101846,
1693 silly audit report       url: 'https://github.com/advisories/GHSA-9wv6-86v2-598j',
1693 silly audit report       title: 'path-to-regexp outputs backtracking regular expressions',
1693 silly audit report       severity: 'high',
1693 silly audit report       vulnerable_versions: '>=4.0.0 <6.3.0',
1693 silly audit report       cwe: [Array],
1693 silly audit report       cvss: [Object]
1693 silly audit report     },
1693 silly audit report     {
1693 silly audit report       id: 1115573,
1693 silly audit report       url: 'https://github.com/advisories/GHSA-j3q9-mxjg-w52f',
1693 silly audit report       title: 'path-to-regexp vulnerable to Denial of Service via sequential optional groups',
1693 silly audit report       severity: 'high',
1693 silly audit report       vulnerable_versions: '>=8.0.0 <8.4.0',
1693 silly audit report       cwe: [Array],
1693 silly audit report       cvss: [Object]
1693 silly audit report     },
1693 silly audit report     {
1693 silly audit report       id: 1115582,
1693 silly audit report       url: 'https://github.com/advisories/GHSA-27v5-c462-wpq7',
1693 silly audit report       title: 'path-to-regexp vulnerable to Regular Expression Denial of Service via multiple wildcards',
1693 silly audit report       severity: 'moderate',
1693 silly audit report       vulnerable_versions: '>=8.0.0 <8.4.0',
1693 silly audit report       cwe: [Array],
1693 silly audit report       cvss: [Object]
1693 silly audit report     }
1693 silly audit report   ],
1693 silly audit report   tar: [
1693 silly audit report     {
1693 silly audit report       id: 1113375,
1693 silly audit report       url: 'https://github.com/advisories/GHSA-83g3-92jg-28cx',
1693 silly audit report       title: 'Arbitrary File Read/Write via Hardlink Target Escape Through Symlink Chain in node-tar Extraction',
1693 silly audit report       severity: 'high',
1693 silly audit report       vulnerable_versions: '<7.5.8',
1693 silly audit report       cwe: [Array],
1693 silly audit report       cvss: [Object]
1693 silly audit report     },
1693 silly audit report     {
1693 silly audit report       id: 1114200,
1693 silly audit report       url: 'https://github.com/advisories/GHSA-qffp-2rhf-9h96',
1693 silly audit report       title: 'tar has Hardlink Path Traversal via Drive-Relative Linkpath',
1693 silly audit report       severity: 'high',
1693 silly audit report       vulnerable_versions: '<=7.5.9',
1693 silly audit report       cwe: [Array],
1693 silly audit report       cvss: [Object]
1693 silly audit report     },
1693 silly audit report     {
1693 silly audit report       id: 1114302,
1693 silly audit report       url: 'https://github.com/advisories/GHSA-9ppj-qmqm-q256',
1693 silly audit report       title: 'node-tar Symlink Path Traversal via Drive-Relative Linkpath',
1693 silly audit report       severity: 'high',
1693 silly audit report       vulnerable_versions: '<=7.5.10',
1693 silly audit report       cwe: [Array],
1693 silly audit report       cvss: [Object]
1693 silly audit report     },
1693 silly audit report     {
1693 silly audit report       id: 1120782,
1693 silly audit report       url: 'https://github.com/advisories/GHSA-vmf3-w455-68vh',
1693 silly audit report       title: 'node-tar applies PAX size override to intermediary GNU long-name/long-link headers, causing tar parser interpretation differential (file smuggling)',
1693 silly audit report       severity: 'moderate',
1693 silly audit report       vulnerable_versions: '<=7.5.15',
1693 silly audit report       cwe: [Array],
1693 silly audit report       cvss: [Object]
1693 silly audit report     }
1693 silly audit report   ],
1693 silly audit report   'smol-toml': [
1693 silly audit report     {
1693 silly audit report       id: 1115393,
1693 silly audit report       url: 'https://github.com/advisories/GHSA-v3rj-xjv7-4jmq',
1693 silly audit report       title: 'smol-toml: Denial of Service via TOML documents containing thousands of consecutive commented lines',
1693 silly audit report       severity: 'moderate',
1693 silly audit report       vulnerable_versions: '<1.6.1',
1693 silly audit report       cwe: [Array],
1693 silly audit report       cvss: [Object]
1693 silly audit report     }
1693 silly audit report   ],
1693 silly audit report   undici: [
1693 silly audit report     {
1693 silly audit report       id: 1101610,
1693 silly audit report       url: 'https://github.com/advisories/GHSA-c76h-2ccp-4975',
1693 silly audit report       title: 'Use of Insufficiently Random Values in undici',
1693 silly audit report       severity: 'moderate',
1693 silly audit report       vulnerable_versions: '>=4.5.0 <5.28.5',
1693 silly audit report       cwe: [Array],
1693 silly audit report       cvss: [Object]
1693 silly audit report     },
1693 silly audit report     {
1693 silly audit report       id: 1112496,
1693 silly audit report       url: 'https://github.com/advisories/GHSA-g9mf-h72j-4rw9',
1693 silly audit report       title: 'Undici has an unbounded decompression chain in HTTP responses on Node.js Fetch API via Content-Encoding leads to resource exhaustion',
1693 silly audit report       severity: 'moderate',
1693 silly audit report       vulnerable_versions: '<6.23.0',
1693 silly audit report       cwe: [Array],
1693 silly audit report       cvss: [Object]
1693 silly audit report     },
1693 silly audit report     {
1693 silly audit report       id: 1113069,
1693 silly audit report       url: 'https://github.com/advisories/GHSA-cxrh-j4jr-qwg3',
1693 silly audit report       title: 'undici Denial of Service attack via bad certificate data',
1693 silly audit report       severity: 'low',
1693 silly audit report       vulnerable_versions: '<5.29.0',
1693 silly audit report       cwe: [Array],
1693 silly audit report       cvss: [Object]
1693 silly audit report     },
1693 silly audit report     {
1693 silly audit report       id: 1114594,
1693 silly audit report       url: 'https://github.com/advisories/GHSA-2mjp-6q6p-2qxm',
1693 silly audit report       title: 'Undici has an HTTP Request/Response Smuggling issue',
1693 silly audit report       severity: 'moderate',
1693 silly audit report       vulnerable_versions: '<6.24.0',
1693 silly audit report       cwe: [Array],
1693 silly audit report       cvss: [Object]
1693 silly audit report     },
1693 silly audit report     {
1693 silly audit report       id: 1114638,
1693 silly audit report       url: 'https://github.com/advisories/GHSA-vrm6-8vpv-qv8q',
1693 silly audit report       title: 'Undici has Unbounded Memory Consumption in WebSocket permessage-deflate Decompression',
1693 silly audit report       severity: 'high',
1693 silly audit report       vulnerable_versions: '<6.24.0',
1693 silly audit report       cwe: [Array],
1693 silly audit report       cvss: [Object]
1693 silly audit report     },
1693 silly audit report     {
1693 silly audit report       id: 1114640,
1693 silly audit report       url: 'https://github.com/advisories/GHSA-v9p9-hfj2-hcw8',
1693 silly audit report       title: 'Undici has Unhandled Exception in WebSocket Client Due to Invalid server_max_window_bits Validation',
1693 silly audit report       severity: 'high',
1693 silly audit report       vulnerable_versions: '<6.24.0',
1693 silly audit report       cwe: [Array],
1693 silly audit report       cvss: [Object]
1693 silly audit report     },
1693 silly audit report     {
1693 silly audit report       id: 1114642,
1693 silly audit report       url: 'https://github.com/advisories/GHSA-4992-7rv2-5pvq',
1693 silly audit report       title: 'Undici has CRLF Injection in undici via `upgrade` option',
1693 silly audit report       severity: 'moderate',
1693 silly audit report       vulnerable_versions: '<6.24.0',
1693 silly audit report       cwe: [Array],
1693 silly audit report       cvss: [Object]
1693 silly audit report     },
1693 silly audit report     {
1693 silly audit report       id: 1121242,
1693 silly audit report       url: 'https://github.com/advisories/GHSA-p88m-4jfj-68fv',
1693 silly audit report       title: 'undici vulnerable to HTTP header injection via Set-Cookie percent-decoding',
1693 silly audit report       severity: 'moderate',
1693 silly audit report       vulnerable_versions: '<6.27.0',
1693 silly audit report       cwe: [Array],
1693 silly audit report       cvss: [Object]
1693 silly audit report     },
1693 silly audit report     {
1693 silly audit report       id: 1121245,
1693 silly audit report       url: 'https://github.com/advisories/GHSA-vxpw-j846-p89q',
1693 silly audit report       title: 'undici WebSocket client vulnerable to denial of service via fragment count bypass',
1693 silly audit report       severity: 'high',
1693 silly audit report       vulnerable_versions: '<6.27.0',
1693 silly audit report       cwe: [Array],
1693 silly audit report       cvss: [Object]
1693 silly audit report     },
1693 silly audit report     {
1693 silly audit report       id: 1121250,
1693 silly audit report       url: 'https://github.com/advisories/GHSA-35p6-xmwp-9g52',
1693 silly audit report       title: 'undici vulnerable to HTTP response queue poisoning via keep-alive socket reuse',
1693 silly audit report       severity: 'low',
1693 silly audit report       vulnerable_versions: '<6.27.0',
1693 silly audit report       cwe: [Array],
1693 silly audit report       cvss: [Object]
1693 silly audit report     },
1693 silly audit report     {
1693 silly audit report       id: 1121255,
1693 silly audit report       url: 'https://github.com/advisories/GHSA-g8m3-5g58-fq7m',
1693 silly audit report       title: 'undici vulnerable to Set-Cookie SameSite attribute downgrade via permissive substring matching',
1693 silly audit report       severity: 'low',
1693 silly audit report       vulnerable_versions: '<6.27.0',
1693 silly audit report       cwe: [Array],
1693 silly audit report       cvss: [Object]
1693 silly audit report     }
1693 silly audit report   ],
1693 silly audit report   'js-yaml': [
1693 silly audit report     {
1693 silly audit report       id: 1121860,
1693 silly audit report       url: 'https://github.com/advisories/GHSA-h67p-54hq-rp68',
1693 silly audit report       title: 'JS-YAML: Quadratic-complexity DoS in merge key handling via repeated aliases',
1693 silly audit report       severity: 'moderate',
1693 silly audit report       vulnerable_versions: '>=4.0.0 <=4.1.1',
1693 silly audit report       cwe: [Array],
1693 silly audit report       cvss: [Object]
1693 silly audit report     }
1693 silly audit report   ],
1693 silly audit report   minimatch: [
1693 silly audit report     {
1693 silly audit report       id: 1113466,
1693 silly audit report       url: 'https://github.com/advisories/GHSA-3ppc-4f35-3m26',
1693 silly audit report       title: 'minimatch has a ReDoS via repeated wildcards with non-matching literal in pattern',
1693 silly audit report       severity: 'high',
1693 silly audit report       vulnerable_versions: '>=10.0.0 <10.2.1',
1693 silly audit report       cwe: [Array],
1693 silly audit report       cvss: [Object]
1693 silly audit report     },
1693 silly audit report     {
1693 silly audit report       id: 1113545,
1693 silly audit report       url: 'https://github.com/advisories/GHSA-7r86-cg39-jmmj',
1693 silly audit report       title: 'minimatch has ReDoS: matchOne() combinatorial backtracking via multiple non-adjacent GLOBSTAR segments',
1693 silly audit report       severity: 'high',
1693 silly audit report       vulnerable_versions: '>=10.0.0 <10.2.3',
1693 silly audit report       cwe: [Array],
1693 silly audit report       cvss: [Object]
1693 silly audit report     },
1693 silly audit report     {
1693 silly audit report       id: 1113553,
1693 silly audit report       url: 'https://github.com/advisories/GHSA-23c5-xmqv-rm74',
1693 silly audit report       title: 'minimatch ReDoS: nested *() extglobs generate catastrophically backtracking regular expressions',
1693 silly audit report       severity: 'high',
1693 silly audit report       vulnerable_versions: '>=10.0.0 <10.2.3',
1693 silly audit report       cwe: [Array],
1693 silly audit report       cvss: [Object]
1693 silly audit report     }
1693 silly audit report   ],
1693 silly audit report   ajv: [
1693 silly audit report     {
1693 silly audit report       id: 1113715,
1693 silly audit report       url: 'https://github.com/advisories/GHSA-2g4f-4pwh-qvx6',
1693 silly audit report       title: 'ajv has ReDoS when using `$data` option',
1693 silly audit report       severity: 'moderate',
1693 silly audit report       vulnerable_versions: '>=7.0.0-alpha.0 <8.18.0',
1693 silly audit report       cwe: [Array],
1693 silly audit report       cvss: [Object]
1693 silly audit report     }
1693 silly audit report   ]
1693 silly audit report }
1694 silly packumentCache corgi:https://registry.npmjs.org/@tootallnate%2fonce cache-miss
1695 silly packumentCache corgi:https://registry.npmjs.org/path-to-regexp cache-miss
1696 silly packumentCache corgi:https://registry.npmjs.org/tar cache-miss
1697 silly packumentCache corgi:https://registry.npmjs.org/smol-toml cache-miss
1698 silly packumentCache corgi:https://registry.npmjs.org/undici cache-miss
1699 silly packumentCache corgi:https://registry.npmjs.org/js-yaml cache-miss
1700 silly packumentCache corgi:https://registry.npmjs.org/minimatch cache-miss
1701 silly packumentCache corgi:https://registry.npmjs.org/ajv cache-miss
1702 http fetch GET 200 https://registry.npmjs.org/is-wsl/-/is-wsl-2.2.0.tgz 827ms (cache miss)
1703 http fetch GET 200 https://registry.npmjs.org/define-lazy-prop/-/define-lazy-prop-2.0.0.tgz 821ms (cache miss)
1704 http fetch GET 200 https://registry.npmjs.org/get-port/-/get-port-5.1.1.tgz 814ms (cache miss)
1705 http fetch GET 200 https://registry.npmjs.org/is-docker/-/is-docker-2.2.1.tgz 825ms (cache miss)
1706 http fetch GET 200 https://registry.npmjs.org/streamx/-/streamx-2.28.0.tgz 841ms (cache miss)
1707 http fetch GET 200 https://registry.npmjs.org/brace-expansion/-/brace-expansion-1.1.15.tgz 842ms (cache miss)
1708 http fetch GET 200 https://registry.npmjs.org/@napi-rs/keyring/-/keyring-1.2.0.tgz 854ms (cache miss)
1709 http fetch GET 200 https://registry.npmjs.org/bare-events/-/bare-events-2.9.1.tgz 846ms (cache miss)
1710 http fetch GET 200 https://registry.npmjs.org/@vercel/container/-/container-0.0.4.tgz 890ms (cache miss)
1711 http fetch GET 200 https://registry.npmjs.org/@workflow/serde/-/serde-4.1.0-beta.2.tgz 913ms (cache miss)
1712 http fetch GET 200 https://registry.npmjs.org/@vercel/static-config/-/static-config-3.4.0.tgz 896ms (cache miss)
1713 http fetch GET 200 https://registry.npmjs.org/@vercel/hydrogen/-/hydrogen-1.4.0.tgz 869ms (cache miss)
1714 http fetch GET 200 https://registry.npmjs.org/@vercel/rust/-/rust-1.4.0.tgz 896ms (cache miss)
1715 http fetch GET 200 https://registry.npmjs.org/@vercel/express/-/express-0.1.112.tgz 909ms (cache miss)
1716 http fetch GET 200 https://registry.npmjs.org/@vercel/fastify/-/fastify-0.1.101.tgz 915ms (cache miss)
1717 http fetch GET 200 https://registry.npmjs.org/@vercel/error-utils/-/error-utils-2.2.0.tgz 915ms (cache miss)
1718 http fetch GET 200 https://registry.npmjs.org/@vercel/nestjs/-/nestjs-0.2.102.tgz 929ms (cache miss)
1719 http fetch GET 200 https://registry.npmjs.org/@vercel/hono/-/hono-0.2.101.tgz 976ms (cache miss)
1720 http fetch GET 200 https://registry.npmjs.org/@vercel/redwood/-/redwood-2.5.0.tgz 1004ms (cache miss)
1721 http fetch GET 200 https://registry.npmjs.org/open/-/open-8.4.0.tgz 1048ms (cache miss)
1722 http fetch GET 200 https://registry.npmjs.org/@vercel/cervel/-/cervel-0.1.29.tgz 964ms (cache miss)
1723 http fetch GET 200 https://registry.npmjs.org/@vercel/elysia/-/elysia-0.1.98.tgz 975ms (cache miss)
1724 http fetch GET 200 https://registry.npmjs.org/@vercel/cli-config/-/cli-config-0.2.0.tgz 977ms (cache miss)
1725 http fetch GET 200 https://registry.npmjs.org/@vercel/prepare-flags-definitions/-/prepare-flags-definitions-0.3.0.tgz 1037ms (cache miss)
1726 http fetch GET 200 https://registry.npmjs.org/path-to-regexp 827ms (cache revalidated)
1727 silly packumentCache corgi:https://registry.npmjs.org/path-to-regexp set size:66575 disposed:false
1728 http fetch GET 200 https://registry.npmjs.org/minimatch 827ms (cache revalidated)
1729 silly packumentCache corgi:https://registry.npmjs.org/minimatch set size:168441 disposed:false
1730 http fetch GET 200 https://registry.npmjs.org/ajv 833ms (cache revalidated)
1731 silly packumentCache corgi:https://registry.npmjs.org/ajv set size:467559 disposed:false
1732 http fetch GET 200 https://registry.npmjs.org/@vercel/koa/-/koa-0.1.81.tgz 1064ms (cache miss)
1733 http fetch GET 200 https://registry.npmjs.org/@vercel/h3/-/h3-0.1.107.tgz 1056ms (cache miss)
1734 http fetch GET 200 https://registry.npmjs.org/@tootallnate%2fonce 865ms (cache revalidated)
1735 silly packumentCache corgi:https://registry.npmjs.org/@tootallnate%2fonce set size:11748 disposed:false
1736 http fetch GET 200 https://registry.npmjs.org/smol-toml 937ms (cache updated)
1737 silly packumentCache corgi:https://registry.npmjs.org/smol-toml set size:undefined disposed:false
1738 http fetch GET 200 https://registry.npmjs.org/js-yaml 967ms (cache miss)
1739 silly packumentCache corgi:https://registry.npmjs.org/js-yaml set size:undefined disposed:false
1740 http fetch GET 200 https://registry.npmjs.org/tar 1041ms (cache updated)
1741 silly packumentCache corgi:https://registry.npmjs.org/tar set size:undefined disposed:false
1742 http fetch GET 200 https://registry.npmjs.org/@napi-rs/keyring-win32-x64-msvc/-/keyring-win32-x64-msvc-1.2.0.tgz 1340ms (cache miss)
1743 http fetch GET 200 https://registry.npmjs.org/@vercel/gatsby-plugin-vercel-builder/-/gatsby-plugin-vercel-builder-2.2.24.tgz 1256ms (cache miss)
1744 http fetch GET 200 https://registry.npmjs.org/@vercel/python/-/python-6.47.3.tgz 1315ms (cache miss)
1745 http fetch GET 200 https://registry.npmjs.org/@vercel/ruby/-/ruby-2.5.1.tgz 1319ms (cache miss)
1746 http fetch GET 200 https://registry.npmjs.org/@vercel/remix-builder/-/remix-builder-5.9.1.tgz 1361ms (cache miss)
1747 http fetch GET 200 https://registry.npmjs.org/@rollup/pluginutils/-/pluginutils-5.4.0.tgz 1314ms (cache miss)
1748 http fetch GET 200 https://registry.npmjs.org/undici 1170ms (cache updated)
1749 silly packumentCache corgi:https://registry.npmjs.org/undici set size:undefined disposed:false
1750 http fetch GET 200 https://registry.npmjs.org/@vercel/cli-auth/-/cli-auth-0.3.0.tgz 1594ms (cache miss)
1751 silly packumentCache corgi:https://registry.npmjs.org/@vercel%2ffun cache-miss
1752 http fetch GET 200 https://registry.npmjs.org/acorn/-/acorn-8.17.0.tgz 1652ms (cache miss)
1753 http fetch GET 200 https://registry.npmjs.org/brace-expansion/-/brace-expansion-5.0.7.tgz 1608ms (cache miss)
1754 http fetch GET 200 https://registry.npmjs.org/@emnapi/wasi-threads/-/wasi-threads-1.2.2.tgz 1622ms (cache miss)
1755 http fetch GET 200 https://registry.npmjs.org/@vercel/static-build/-/static-build-2.11.4.tgz 1722ms (cache miss)
1756 http fetch GET 200 https://registry.npmjs.org/@emnapi/runtime/-/runtime-1.11.1.tgz 1708ms (cache miss)
1757 http fetch GET 200 https://registry.npmjs.org/@vercel/next/-/next-4.20.2.tgz 1831ms (cache miss)
1758 http fetch GET 200 https://registry.npmjs.org/@vercel%2ffun 276ms (cache updated)
1759 silly packumentCache corgi:https://registry.npmjs.org/@vercel%2ffun set size:undefined disposed:false
1760 silly packumentCache corgi:https://registry.npmjs.org/@vercel%2fnode cache-miss
1761 silly packumentCache corgi:https://registry.npmjs.org/@vercel%2fremix-builder cache-miss
1762 http fetch GET 200 https://registry.npmjs.org/@vercel/blob/-/blob-2.4.0.tgz 1971ms (cache miss)
1763 http fetch GET 200 https://registry.npmjs.org/@vercel/node/-/node-5.8.22.tgz 2059ms (cache miss)
1764 http fetch GET 200 https://registry.npmjs.org/@emnapi/core/-/core-1.11.1.tgz 2005ms (cache miss)
1765 http fetch GET 200 https://registry.npmjs.org/@vercel%2fremix-builder 186ms (cache updated)
1766 silly packumentCache corgi:https://registry.npmjs.org/@vercel%2fremix-builder set size:undefined disposed:false
1767 http fetch GET 200 https://registry.npmjs.org/@vercel/backends/-/backends-0.8.21.tgz 2099ms (cache miss)
1768 http fetch GET 200 https://registry.npmjs.org/srvx/-/srvx-0.11.16.tgz 2192ms (cache miss)
1769 http fetch GET 200 https://registry.npmjs.org/@vercel%2fnode 314ms (cache updated)
1770 silly packumentCache corgi:https://registry.npmjs.org/@vercel%2fnode set size:undefined disposed:false
1771 silly packumentCache corgi:https://registry.npmjs.org/@vercel%2fbackends cache-miss
1772 silly packumentCache corgi:https://registry.npmjs.org/@vercel%2fexpress cache-miss
1773 silly packumentCache corgi:https://registry.npmjs.org/@vercel%2fhono cache-miss
1774 http fetch GET 200 https://registry.npmjs.org/@vercel/nft/-/nft-1.10.0.tgz 2326ms (cache miss)
1775 http fetch GET 200 https://registry.npmjs.org/@vercel%2fhono 164ms (cache updated)
1776 silly packumentCache corgi:https://registry.npmjs.org/@vercel%2fhono set size:undefined disposed:false
1777 http fetch GET 200 https://registry.npmjs.org/@vercel%2fbackends 178ms (cache updated)
1778 silly packumentCache corgi:https://registry.npmjs.org/@vercel%2fbackends set size:undefined disposed:false
1779 http fetch GET 200 https://registry.npmjs.org/@tybys/wasm-util/-/wasm-util-0.10.3.tgz 2435ms (cache miss)
1780 http fetch GET 200 https://registry.npmjs.org/@napi-rs/wasm-runtime/-/wasm-runtime-1.1.6.tgz 2472ms (cache miss)
1781 http fetch GET 200 https://registry.npmjs.org/@vercel%2fexpress 290ms (cache updated)
1782 silly packumentCache corgi:https://registry.npmjs.org/@vercel%2fexpress set size:undefined disposed:false
1783 silly packumentCache corgi:https://registry.npmjs.org/@mapbox%2fnode-pre-gyp cache-miss
1784 http fetch GET 200 https://registry.npmjs.org/@mapbox%2fnode-pre-gyp 117ms (cache revalidated)
1785 silly packumentCache corgi:https://registry.npmjs.org/@mapbox%2fnode-pre-gyp set size:47144 disposed:false
1786 silly packumentCache corgi:https://registry.npmjs.org/vercel cache-miss
1787 silly packumentCache corgi:https://registry.npmjs.org/@vercel%2frust cache-miss
1788 silly packumentCache corgi:https://registry.npmjs.org/@vercel%2fpython-analysis cache-miss
1789 http cache https://registry.npmjs.org/vercel 88ms (cache hit)
1790 silly packumentCache corgi:https://registry.npmjs.org/vercel set size:4405614 disposed:false
1791 http fetch GET 200 https://registry.npmjs.org/@vercel%2frust 236ms (cache updated)
1792 silly packumentCache corgi:https://registry.npmjs.org/@vercel%2frust set size:undefined disposed:false
1793 http fetch GET 200 https://registry.npmjs.org/@vercel%2fpython-analysis 239ms (cache updated)
1794 silly packumentCache corgi:https://registry.npmjs.org/@vercel%2fpython-analysis set size:undefined disposed:false
1795 silly packumentCache corgi:https://registry.npmjs.org/@vercel%2fstatic-config cache-miss
1796 http fetch GET 200 https://registry.npmjs.org/@vercel%2fstatic-config 141ms (cache updated)
1797 silly packumentCache corgi:https://registry.npmjs.org/@vercel%2fstatic-config set size:undefined disposed:false
1798 http fetch GET 200 https://registry.npmjs.org/sandbox/-/sandbox-3.1.2.tgz 3439ms (cache miss)
1799 silly packumentCache corgi:https://registry.npmjs.org/@vercel%2felysia cache-miss
1800 silly packumentCache corgi:https://registry.npmjs.org/@vercel%2ffastify cache-miss
1801 silly packumentCache corgi:https://registry.npmjs.org/@vercel%2fh3 cache-miss
1802 silly packumentCache corgi:https://registry.npmjs.org/@vercel%2fkoa cache-miss
1803 silly packumentCache corgi:https://registry.npmjs.org/@vercel%2fnestjs cache-miss
1804 http fetch GET 200 https://registry.npmjs.org/@vercel/go/-/go-3.10.2.tgz 4317ms (cache miss)
1805 http fetch GET 200 https://registry.npmjs.org/@vercel%2fkoa 762ms (cache updated)
1806 silly packumentCache corgi:https://registry.npmjs.org/@vercel%2fkoa set size:undefined disposed:false
1807 http fetch GET 200 https://registry.npmjs.org/@vercel%2fh3 780ms (cache updated)
1808 silly packumentCache corgi:https://registry.npmjs.org/@vercel%2fh3 set size:undefined disposed:false
1809 http fetch GET 200 https://registry.npmjs.org/jose/-/jose-6.2.3.tgz 4375ms (cache miss)
1810 http fetch GET 200 https://registry.npmjs.org/@vercel%2ffastify 845ms (cache updated)
1811 silly packumentCache corgi:https://registry.npmjs.org/@vercel%2ffastify set size:undefined disposed:false
1812 http fetch GET 200 https://registry.npmjs.org/lru-cache/-/lru-cache-11.5.1.tgz 4522ms (cache miss)
1813 http fetch GET 200 https://registry.npmjs.org/@vercel%2fnestjs 856ms (cache updated)
1814 silly packumentCache corgi:https://registry.npmjs.org/@vercel%2fnestjs set size:undefined disposed:false
1815 http fetch GET 200 https://registry.npmjs.org/@vercel%2felysia 869ms (cache updated)
1816 silly packumentCache corgi:https://registry.npmjs.org/@vercel%2felysia set size:undefined disposed:false
1817 silly packumentCache corgi:https://registry.npmjs.org/@vercel%2fcervel cache-miss
1818 http fetch GET 200 https://registry.npmjs.org/@vercel%2fcervel 199ms (cache updated)
1819 silly packumentCache corgi:https://registry.npmjs.org/@vercel%2fcervel set size:undefined disposed:false
1820 silly packumentCache corgi:https://registry.npmjs.org/@vercel%2fbuild-utils cache-miss
1821 silly packumentCache corgi:https://registry.npmjs.org/@vercel%2fpython cache-miss
1822 http fetch GET 200 https://registry.npmjs.org/undici/-/undici-5.29.0.tgz 5091ms (cache miss)
1823 http fetch GET 200 https://registry.npmjs.org/@vercel/build-utils/-/build-utils-13.32.2.tgz 5088ms (cache miss)
1824 http fetch GET 200 https://registry.npmjs.org/@vercel%2fpython 205ms (cache updated)
1825 silly packumentCache corgi:https://registry.npmjs.org/@vercel%2fpython set size:undefined disposed:false
1826 http fetch GET 200 https://registry.npmjs.org/@vercel%2fbuild-utils 262ms (cache updated)
1827 silly packumentCache corgi:https://registry.npmjs.org/@vercel%2fbuild-utils set size:undefined disposed:false
1828 silly packumentCache corgi:https://registry.npmjs.org/@vercel%2fhydrogen cache-miss
1829 silly packumentCache corgi:https://registry.npmjs.org/@vercel%2fredwood cache-miss
1830 silly packumentCache corgi:https://registry.npmjs.org/@vercel%2fstatic-build cache-miss
1831 http fetch GET 200 https://registry.npmjs.org/vercel/-/vercel-54.18.7.tgz 5614ms (cache miss)
1832 http fetch GET 200 https://registry.npmjs.org/@vercel%2fhydrogen 239ms (cache updated)
1833 silly packumentCache corgi:https://registry.npmjs.org/@vercel%2fhydrogen set size:undefined disposed:false
1834 http fetch GET 200 https://registry.npmjs.org/@vercel%2fredwood 261ms (cache updated)
1835 silly packumentCache corgi:https://registry.npmjs.org/@vercel%2fredwood set size:undefined disposed:false
1836 http fetch GET 200 https://registry.npmjs.org/@vercel%2fstatic-build 285ms (cache updated)
1837 silly packumentCache corgi:https://registry.npmjs.org/@vercel%2fstatic-build set size:undefined disposed:false
1838 http fetch GET 200 https://registry.npmjs.org/undici/-/undici-6.27.0.tgz 5818ms (cache miss)
1839 http fetch GET 200 https://registry.npmjs.org/@vercel/sandbox/-/sandbox-2.1.1.tgz 6175ms (cache miss)
1840 silly packumentCache corgi:https://registry.npmjs.org/@vercel%2fgatsby-plugin-vercel-builder cache-miss
1841 http fetch GET 200 https://registry.npmjs.org/undici/-/undici-7.28.0.tgz 7169ms (cache miss)
1842 http fetch GET 200 https://registry.npmjs.org/@vercel%2fgatsby-plugin-vercel-builder 1187ms (cache updated)
1843 silly packumentCache corgi:https://registry.npmjs.org/@vercel%2fgatsby-plugin-vercel-builder set size:undefined disposed:false
1844 verbose cwd C:\Users\kk\Documents\Codex\2026-05-16\https-vtuber-match-vercel-app-top
1845 verbose os Windows_NT 10.0.26200
1846 verbose node v24.15.0
1847 verbose npm  v11.12.1
1848 notice
1848 notice New minor version of npm available! 11.12.1 -> 11.18.0
1848 notice Changelog: https://github.com/npm/cli/releases/tag/v11.18.0
1848 notice To update run: npm install -g npm@11.18.0
1848 notice  { force: true, Symbol(proc-log.meta): true }
1849 verbose exit 0
1850 info ok
